Rg,Spieler,Land,Pos,Verein,Alt,Geboren,90,Vol,Ver,Vol%,GesEntf,ProgEntf,Vol,Ver,Vol%,Vol,Ver,Vol%,Vol,Ver,Vol%,Vor,xA,A-xA,WP,1/3,PPA,FlkSr,Fortschr.,Spiele
1,Issah Abbas\Issah-Abbas,gh GHA,DFFW,Mainz 05,21,1998,0.2,65.0,75.0,867,1300.0,530.0,30.0,35.0,857,25.0,30.0,833,10.0,10.0,1000,0.00,0.00,0.00,0.00,5.00,0.00,0.00,5.00,Spiele
2,David Abraham\David-Abraham,ar ARG,DF,Eint Frankfurt,34,1986,13.6,41.5,50.7,819,888.0,312.8,13.0,15.0,868,20.4,22.8,894,7.79,11.8,658,0.00,0.04,-0.04,0.15,3.68,0.22,0.15,3.16,Spiele
3,Amir Abrashi\Amir-Abrashi,al ALB,MFDF,Freiburg,30,1990,0.7,25.7,31.4,818,421.4,38.6,10.0,12.9,778,12.9,14.3,900,1.43,1.43,1000,0.00,0.00,0.00,0.00,1.43,0.00,0.00,0.00,Spiele
4,Ragnar Ache\Ragnar-Ache,de GER,FWDF,Eint Frankfurt,22,1998,1.1,17.3,31.8,543,207.3,26.4,11.8,19.1,619,4.55,8.18,556,0.00,0.00,,0.00,0.00,0.00,0.00,0.91,0.00,0.00,0.91,Spiele
5,Tyler Adams\Tyler-Adams,us USA,DFMF,RB Leipzig,21,1999,20.6,57.5,66.7,861,949.6,260.3,28.5,31.5,906,23.7,26.3,900,4.27,6.80,629,0.05,0.04,0.00,0.63,4.13,0.92,0.10,4.37,Spiele
6,Sargis Adamyan\Sargis-Adamyan,am ARM,FWMF,Hoffenheim,27,1993,5.3,22.6,31.5,719,368.9,89.2,11.5,14.9,772,7.92,9.62,824,2.26,3.77,600,0.57,0.34,0.23,2.26,1.13,1.51,0.19,2.64,Spiele
7,Felix Agu\Felix-Agu,de GER,DFFW,Werder Bremen,20,1999,7.8,26.9,37.1,727,436.3,146.5,15.0,17.4,860,9.49,12.9,733,1.79,4.49,400,0.00,0.05,-0.05,0.38,1.15,0.51,0.38,1.28,Spiele
8,Naouirou Ahamada\Naouirou-Ahamada,fr FRA,MF,Stuttgart,18,2002,2.8,38.6,42.9,900,674.6,117.9,16.8,18.6,904,17.1,17.9,960,3.57,4.64,769,0.00,0.00,0.00,0.36,4.29,0.00,0.00,2.50,Spiele
9,Manuel Akanji\Manuel-Akanji,ch SUI,DF,Dortmund,25,1995,26.1,74.7,80.3,929,1575.7,486.4,22.7,23.9,950,39.4,40.9,963,12.1,14.3,842,0.00,0.00,-0.00,0.08,5.75,0.15,0.00,4.90,Spiele
10,Kevin Akpoguma\Kevin-Akpoguma,ng NGA,DF,Hoffenheim,25,1995,13.2,45.9,55.8,822,949.6,321.0,14.2,16.1,883,24.2,26.4,917,6.89,11.8,583,0.00,0.03,-0.03,0.15,2.50,0.15,0.00,3.48,Spiele
11,David Alaba\David-Alaba,at AUT,DFMF,Bayern Munich,28,1992,29.7,64.5,75.8,851,1334.3,428.1,21.0,23.1,912,33.5,36.9,906,9.49,14.1,671,0.13,0.08,0.06,0.84,7.81,1.25,0.13,6.36,Spiele
12,Lucas Alario\Lucas-Alario,ar ARG,FW,Leverkusen,27,1992,13.8,17.3,22.8,759,245.9,24.1,10.3,12.8,802,5.14,6.67,772,1.09,1.45,750,0.14,0.05,0.09,0.87,0.87,0.29,0.00,0.72,Spiele
13,Omar Alderete\Omar-Alderete,py PAR,DF,Hertha BSC,23,1996,14.4,49.8,61.0,817,1242.2,490.8,7.43,9.17,811,28.4,31.2,911,13.7,19.9,686,0.00,0.01,-0.01,0.14,3.06,0.28,0.07,4.31,Spiele
14,Nadiem Amiri\Nadiem-Amiri,de GER,MF,Leverkusen,23,1996,21.0,45.0,54.4,828,827.1,185.1,20.3,22.4,904,17.7,19.9,890,6.24,10.0,624,0.29,0.14,0.15,1.76,4.29,1.29,0.19,4.67,Spiele
15,Sebastian Andersson\Sebastian-Andersson,se SWE,FW,Köln,29,1991,12.5,14.0,19.7,711,199.3,32.0,8.72,11.4,768,4.24,5.92,716,0.72,1.28,563,0.00,0.02,-0.02,0.40,0.88,0.24,0.08,0.72,Spiele
16,Robert Andrich\Robert-Andrich,de GER,MF,Union Berlin,25,1994,28.1,41.1,52.0,791,773.8,217.7,17.4,20.5,851,17.4,21.1,823,5.44,8.43,646,0.07,0.08,-0.01,0.85,3.95,0.53,0.04,4.45,Spiele
17,Angeliño\Angelino,es ESP,DFFW,RB Leipzig,23,1997,24.0,44.1,62.1,711,807.4,303.3,20.4,23.9,852,17.9,23.4,765,5.25,12.5,420,0.17,0.21,-0.04,2.33,2.83,2.50,1.13,4.63,Spiele
18,Waldemar Anton\Waldemar-Anton,de GER,DF,Stuttgart,24,1996,30.1,60.7,68.9,881,1282.0,432.1,16.6,18.3,909,34.5,36.5,943,9.10,12.9,704,0.03,0.01,0.02,0.23,2.26,0.30,0.07,3.12,Spiele
19,Charles Aránguiz\Charles-Aranguiz,cl CHI,MF,Leverkusen,31,1989,18.5,54.2,62.7,865,981.3,293.2,22.9,25.0,914,24.4,26.6,917,6.00,8.97,669,0.00,0.04,-0.04,0.81,5.95,0.81,0.00,5.57,Spiele
20,Santiago Arias\Santiago-Arias,co COL,DF,Leverkusen,28,1992,1.0,47.0,55.0,855,915.0,324.0,17.0,21.0,810,25.0,28.0,893,5.00,6.00,833,0.00,0.00,0.00,0.00,3.00,0.00,0.00,4.00,Spiele
21,Maximilian Arnold\Maximilian-Arnold,de GER,MF,Wolfsburg,26,1994,28.7,46.1,57.6,801,1077.5,304.1,13.3,15.1,880,19.8,22.9,864,12.2,17.8,685,0.21,0.17,0.04,1.74,4.60,0.91,0.10,5.47,Spiele
22,Toluwalas Arokodare\Toluwalas-Arokodare,ng NGA,FW,Köln,19,2000,1.2,22.5,30.0,750,417.5,32.5,10.8,15.0,722,9.17,10.8,846,2.50,3.33,750,0.00,0.00,0.00,0.83,1.67,0.83,0.00,0.83,Spiele
23,Santiago Ascacíbar\Santiago-Ascacibar,ar ARG,MF,Hertha BSC,23,1997,8.5,34.6,41.5,833,646.6,170.6,15.3,16.9,903,13.6,16.0,853,4.82,6.82,707,0.00,0.02,-0.02,0.71,3.41,0.47,0.00,3.06,Spiele
24,Ludwig Augustinsson\Ludwig-Augustinsson,se SWE,DF,Werder Bremen,26,1994,21.7,35.9,53.8,668,665.1,316.2,16.2,18.9,856,14.7,19.3,764,4.70,13.7,343,0.18,0.13,0.06,1.98,2.07,1.34,1.06,3.36,Spiele
25,Taiwo Awoniyi\Taiwo-Awoniyi,ng NGA,FW,Union Berlin,22,1997,15.1,13.8,19.9,691,200.7,34.7,8.28,11.0,753,3.97,5.63,706,0.99,1.66,600,0.13,0.10,0.03,1.32,0.79,0.07,0.00,0.73,Spiele
26,Mehmet-Can Aydin\Mehmet-Can-Aydin,de GER,DF,Schalke 04,18,2002,5.6,24.8,36.3,685,410.7,169.3,12.0,14.8,807,11.1,15.4,721,1.79,4.29,417,0.00,0.09,-0.09,0.54,1.43,0.36,0.00,2.32,Spiele
27,Leon Bailey\Leon-Bailey,jm JAM,FWMF,Leverkusen,22,1997,23.8,28.4,40.4,703,510.8,114.2,15.1,17.5,863,8.24,11.7,703,4.29,8.49,505,0.34,0.26,0.08,2.10,1.05,1.43,0.59,2.39,Spiele
28,Ridle Baku\Ridle-Baku,de GER,DF,Mainz 05,22,1998,2.0,31.0,44.0,705,641.5,354.0,10.0,13.5,741,14.5,18.0,806,6.00,11.0,545,0.00,0.00,0.00,0.00,2.00,1.00,0.00,6.50,Spiele
29,Ridle Baku\Ridle-Baku,de GER,FWDF,Wolfsburg,22,1998,29.8,36.8,49.0,750,658.6,206.6,16.5,19.5,847,15.9,20.3,783,3.96,7.08,559,0.23,0.15,0.08,1.44,2.21,1.54,0.57,3.99,Spiele
30,Philipp Bargfrede\Philipp-Bargfrede,de GER,MF,Werder Bremen,31,1989,0.3,33.3,36.7,909,596.7,173.3,10.0,13.3,750,23.3,23.3,1000,0.00,0.00,,0.00,0.00,0.00,0.00,3.33,0.00,0.00,6.67,Spiele
31,Aymen Barkok\Aymen-Barkok,ma MAR,MFFW,Eint Frankfurt,22,1998,10.9,33.1,45.7,725,556.0,179.0,15.7,19.9,788,13.4,17.2,777,3.12,6.24,500,0.28,0.28,0.00,2.29,2.29,1.74,0.37,3.76,Spiele
32,Leandro Barreiro Martins\Leandro-Barreiro-Martins,lu LUX,MF,Mainz 05,20,2000,25.6,18.5,27.9,665,292.7,105.4,9.41,12.8,735,7.03,9.53,738,1.45,3.40,425,0.08,0.08,-0.00,0.70,1.48,0.31,0.04,2.19,Spiele
33,Jacob Barrett Laursen\Jacob-Barrett-Laursen,dk DEN,DF,Arminia,25,1994,12.3,35.6,45.7,779,686.8,250.9,13.1,15.4,847,17.2,20.7,835,4.88,7.64,638,0.08,0.10,-0.02,0.33,2.28,0.41,0.16,2.44,Spiele
34,Oliver Baumann\Oliver-Baumann,de GER,TW,Hoffenheim,30,1990,31.0,34.4,43.6,788,885.0,513.6,9.16,9.16,1000,14.5,14.6,987,9.81,18.8,521,0.00,0.00,0.00,0.00,0.42,0.00,0.00,0.06,Spiele
35,Julian Baumgartlinger\Julian-Baumgartlinger,at AUT,MF,Leverkusen,32,1988,11.9,48.7,56.1,867,928.2,200.8,20.3,22.4,906,19.3,21.3,906,8.07,10.4,774,0.00,0.03,-0.03,0.67,4.54,0.50,0.08,4.71,Spiele
36,Christoph Baumgartner\Christoph-Baumgartner,at AUT,MFFW,Hoffenheim,20,1999,26.3,27.6,36.3,760,460.7,123.0,14.4,17.5,824,9.28,11.9,782,2.85,4.56,625,0.11,0.11,0.00,1.22,2.28,1.22,0.15,3.73,Spiele
37,Noah Joel Sarenren Bazee\Noah-Joel-Sarenren-Bazee,ng NGA,FWMF,Augsburg,23,1996,0.4,15.0,32.5,462,195.0,57.5,7.50,12.5,600,5.00,10.0,500,0.00,5.00,00,2.50,1.75,0.75,2.50,0.00,0.00,0.00,0.00,Spiele
38,Ihlas Bebou\Ihlas-Bebou,tg TOG,FW,Hoffenheim,26,1994,24.4,19.7,25.9,758,279.3,65.6,11.7,14.3,819,5.74,7.50,765,1.07,1.84,578,0.29,0.20,0.08,1.52,1.07,1.31,0.57,1.97,Spiele
39,Sheraldo Becker\Sheraldo-Becker,sr SUR,FWMF,Union Berlin,25,1995,12.3,17.2,27.3,631,302.4,95.3,8.37,11.3,741,7.15,10.7,672,1.38,3.66,378,0.24,0.26,-0.02,1.54,0.81,1.46,1.14,1.87,Spiele
40,Timo Becker\Timo-Becker,de GER,DF,Schalke 04,23,1997,18.2,33.3,43.1,772,647.1,221.8,11.9,14.1,844,16.8,19.9,840,4.29,7.25,591,0.00,0.02,-0.02,0.16,1.37,0.49,0.16,1.92,Spiele
41,Brian Behrendt\Brian-Behrendt,de GER,DF,Arminia,28,1991,0.9,45.6,62.2,732,1045.6,344.4,15.6,18.9,824,20.0,27.8,720,10.0,14.4,692,0.00,0.00,0.00,0.00,4.44,0.00,0.00,5.56,Spiele
42,Maximilian Beier\Maximilian-Beier,de GER,FWDF,Hoffenheim,17,2002,0.1,50.0,50.0,1000,790.0,40.0,30.0,30.0,1000,10.0,10.0,1000,10.0,10.0,1000,0.00,0.00,0.00,0.00,0.00,0.00,0.00,0.00,Spiele
43,Ishak Belfodil\Ishak-Belfodil,dz ALG,FW,Hoffenheim,28,1992,6.6,16.4,22.9,715,225.3,39.2,9.55,12.6,759,5.30,7.42,714,0.76,1.06,714,0.15,0.15,0.00,1.06,0.30,0.45,0.00,1.21,Spiele
44,Stefan Bell\Stefan-Bell,de GER,DF,Mainz 05,28,1991,14.1,29.6,37.7,787,604.1,215.9,10.1,11.4,888,14.5,16.7,872,4.82,8.94,540,0.07,0.09,-0.02,0.21,1.06,0.14,0.00,1.99,Spiele
45,Karim Bellarabi\Karim-Bellarabi,de GER,FWMF,Leverkusen,30,1990,8.9,32.8,46.3,709,524.8,148.3,18.7,22.5,830,11.3,15.4,737,2.36,5.84,404,0.00,0.20,-0.20,1.57,1.57,1.69,0.67,3.03,Spiele
46,Jude Bellingham\Jude-Bellingham,eng ENG,MF,Dortmund,17,2003,18.9,47.0,56.5,832,864.0,170.9,20.2,23.3,866,19.8,22.7,872,6.08,7.62,799,0.16,0.17,-0.02,0.74,3.33,1.43,0.11,4.02,Spiele
47,Lars Bender\Lars-Bender,de GER,DF,Leverkusen,31,1989,10.4,56.5,68.0,832,1080.1,362.6,22.4,25.5,879,24.4,28.2,867,8.46,11.2,759,0.19,0.05,0.14,0.67,4.33,1.15,0.19,5.48,Spiele
48,Sven Bender\Sven-Bender,de GER,DF,Leverkusen,31,1989,13.0,70.5,77.1,915,1537.0,380.2,15.8,17.1,923,43.0,45.6,943,11.4,13.8,827,0.00,0.03,-0.03,0.31,3.00,0.23,0.15,3.69,Spiele
49,László Bénes\Laszlo-Benes,sk SVK,MFFW,Augsburg,22,1997,7.3,23.8,36.2,659,407.8,142.6,12.9,15.9,810,7.40,11.6,635,2.74,6.85,400,0.14,0.08,0.05,1.23,1.64,0.68,0.00,2.60,Spiele
50,László Bénes\Laszlo-Benes,sk SVK,MF,M'Gladbach,22,1997,1.7,47.1,64.7,727,802.4,227.6,28.2,32.9,857,12.4,14.1,875,5.88,15.3,385,0.59,0.24,0.35,2.35,1.76,0.00,0.00,2.94,Spiele
51,Ramy Bensebaini\Ramy-Bensebaini,dz ALG,DF,M'Gladbach,25,1995,20.1,50.0,60.2,831,906.9,359.6,21.6,23.9,906,22.8,26.2,871,4.98,8.06,617,0.00,0.02,-0.02,0.40,2.89,0.75,0.25,3.58,Spiele
52,Nabil Bentaleb\Nabil-Bentaleb,dz ALG,MF,Schalke 04,25,1994,6.1,37.9,46.1,822,673.4,157.5,16.9,19.7,858,16.1,18.5,867,3.93,6.23,632,0.00,0.02,-0.02,0.16,3.11,0.33,0.00,3.61,Spiele
53,Louis Beyer\Louis-Beyer,de GER,DF,M'Gladbach,20,2000,2.1,35.7,42.9,833,717.1,226.7,11.0,12.9,852,18.6,21.0,886,5.71,8.10,706,0.00,0.00,0.00,0.00,0.95,0.00,0.00,2.38,Spiele
54,Bartosz Bialek\Bartosz-Bialek,pl POL,FWMF,Wolfsburg,18,2001,3.0,18.7,26.7,700,374.7,109.0,9.00,12.7,711,5.67,7.33,773,3.33,4.33,769,0.00,0.07,-0.07,1.33,2.33,1.33,0.00,3.33,Spiele
55,Ermin Bi?ak?i?\Ermin-Bicakcic,ba BIH,DF,Hoffenheim,30,1990,1.4,38.6,44.3,871,793.6,266.4,10.7,12.1,882,22.9,24.3,941,5.00,7.86,636,0.00,0.00,0.00,0.00,2.14,0.00,0.00,2.86,Spiele
56,Leonardo Bittencourt\Leonardo-Bittencourt,de GER,MFFW,Werder Bremen,26,1993,16.8,27.7,38.5,719,500.2,114.2,13.3,16.2,820,10.3,13.6,759,3.69,6.79,544,0.06,0.08,-0.02,1.19,1.96,1.07,0.54,2.26,Spiele
57,Jérôme Boateng\Jerome-Boateng,de GER,DF,Bayern Munich,31,1988,26.3,66.8,74.7,894,1645.9,470.0,11.4,12.1,943,37.2,39.2,949,17.9,22.9,781,0.04,0.02,0.02,0.23,7.76,0.61,0.04,5.74,Spiele
58,Jean-Paul Boëtius\Jean-Paul-Boetius,nl NED,MFFW,Mainz 05,26,1994,22.9,24.5,35.2,695,441.9,138.6,11.2,14.6,766,9.17,12.5,732,3.23,5.59,578,0.17,0.26,-0.09,1.40,2.75,1.00,0.22,3.71,Spiele
59,Melayro Bogarde\Melayro-Bogarde,nl NED,DFMF,Hoffenheim,18,2002,3.1,46.8,54.2,863,937.4,290.3,21.3,23.5,904,17.4,19.7,885,7.74,9.35,828,0.32,0.06,0.26,1.29,3.55,0.65,0.00,5.16,Spiele
60,Elias Bördner\Elias-Bordner,de GER,TW,Eint Frankfurt,18,2002,1.0,29.0,43.0,674,698.0,482.0,7.00,7.00,1000,16.0,16.0,1000,5.00,19.0,263,0.00,0.00,0.00,0.00,0.00,0.00,0.00,0.00,Spiele
61,Dennis Borkowski\Dennis-Borkowski,de GER,MFFW,RB Leipzig,18,2002,0.1,50.0,70.0,714,1070.0,0.00,10.0,30.0,333,30.0,30.0,1000,10.0,10.0,1000,0.00,0.00,0.00,0.00,0.00,0.00,0.00,0.00,Spiele
62,Sebastiaan Bornauw\Sebastiaan-Bornauw,be BEL,DF,Köln,21,1999,23.1,32.4,38.7,838,818.4,228.2,5.19,6.06,857,17.7,19.6,905,9.13,12.1,754,0.04,0.00,0.04,0.04,1.17,0.09,0.04,1.43,Spiele
63,Nassim Boujellab\Nassim-Boujellab,ma MAR,MFFW,Schalke 04,21,1999,6.7,19.9,27.5,723,303.4,74.5,9.25,11.9,775,8.06,10.3,783,1.04,1.79,583,0.00,0.03,-0.03,0.60,1.49,0.45,0.00,2.09,Spiele
64,Dedryck Boyata\Dedryck-Boyata,be BEL,DF,Hertha BSC,29,1990,17.2,53.0,59.6,889,1325.1,268.5,7.27,8.43,862,31.0,32.7,947,14.5,17.6,828,0.00,0.04,-0.04,0.29,1.92,0.12,0.00,1.86,Spiele
65,Can Bozdogan\Can-Bozdogan,de GER,MF,Schalke 04,19,2001,7.2,23.3,31.3,747,406.9,86.4,10.6,12.4,854,10.3,12.5,822,2.08,4.58,455,0.28,0.07,0.21,0.69,0.83,0.28,0.28,1.39,Spiele
66,Julian Brandt\Julian-Brandt,de GER,FWMF,Dortmund,24,1996,16.6,46.3,54.9,842,801.2,189.5,22.2,25.8,860,16.9,19.5,867,5.60,6.69,838,0.12,0.17,-0.05,1.81,3.61,1.87,0.18,5.24,Spiele
67,Fabian Bredlow\Fabian-Bredlow,de GER,TW,Stuttgart,25,1995,1.0,27.0,36.0,750,595.0,321.0,7.00,7.00,1000,10.0,10.0,1000,8.00,17.0,471,0.00,0.00,0.00,0.00,0.00,0.00,0.00,0.00,Spiele
68,Josip Brekalo\Josip-Brekalo,hr CRO,FW,Wolfsburg,22,1998,20.2,31.6,42.0,753,620.9,150.9,12.3,15.3,803,13.4,16.3,821,5.10,7.87,648,0.15,0.17,-0.02,1.83,2.52,1.34,0.35,4.16,Spiele
69,Joshua Brenet\Joshua-Brenet,nl NED,DF,Hoffenheim,26,1994,0.0,0,2,00,0,0,0,0,,0,1,00,0,1,00,0,0.0,0.0,0,0,0,0,0,Spiele
70,John Brooks\John-Brooks,us USA,DF,Wolfsburg,27,1993,30.8,51.4,60.7,848,1282.1,373.4,8.28,9.58,864,29.0,31.8,911,13.7,18.5,740,0.00,0.02,-0.02,0.16,3.70,0.19,0.00,3.99,Spiele
71,Daniel Brosinski\Daniel-Brosinski,de GER,DF,Mainz 05,32,1988,15.9,33.5,52.8,634,664.5,348.7,12.4,15.0,828,15.7,21.8,720,4.97,14.2,351,0.06,0.15,-0.09,1.51,2.77,1.32,0.57,4.47,Spiele
72,Cédric Brunner\Cedric-Brunner,ch SUI,DF,Arminia,26,1994,29.5,34.9,48.9,714,705.1,284.6,12.5,14.3,874,16.0,20.2,792,6.00,12.8,469,0.03,0.04,-0.00,0.58,2.68,0.98,0.51,3.15,Spiele
73,Jacob Bruun Larsen\Jacob-Bruun-Larsen,dk DEN,FW,Hoffenheim,21,1998,1.0,15.0,19.0,789,203.0,7.00,11.0,13.0,846,3.00,3.00,1000,1.00,2.00,500,0.00,0.00,0.00,0.00,0.00,0.00,0.00,0.00,Spiele
74,Marius Bülter\Marius-Bulter,de GER,FWMF,Union Berlin,27,1993,10.9,18.3,29.4,620,329.9,87.5,8.17,11.4,718,7.34,10.6,690,2.20,4.22,522,0.00,0.11,-0.11,1.01,1.10,1.19,0.73,1.38,Spiele
75,Jonathan Burkardt\Jonathan-Burkardt,de GER,FWDF,Mainz 05,20,2000,15.3,18.5,26.1,708,304.8,77.9,8.69,11.0,787,7.06,9.54,740,1.90,3.20,592,0.00,0.10,-0.10,0.72,1.44,0.46,0.07,2.16,Spiele
76,Nishan Burkart\Nishan-Burkart,ch SUI,MF,Freiburg,20,2000,0.2,20.0,30.0,667,265.0,105.0,5.00,15.0,333,10.0,10.0,1000,0.00,0.00,,0.00,0.00,0.00,0.00,0.00,0.00,0.00,0.00,Spiele
77,Roman Bürki\Roman-Burki,ch SUI,TW,Dortmund,29,1990,18.5,27.8,34.0,819,757.8,425.6,4.86,4.86,1000,14.2,14.3,996,8.76,14.8,591,0.00,0.00,0.00,0.00,0.16,0.05,0.00,0.05,Spiele
78,Kerim Calhanoglu\Kerim-Calhanoglu,de GER,DF,Schalke 04,17,2002,3.3,26.7,41.5,642,480.3,156.7,11.2,14.8,755,13.3,17.9,746,2.12,6.67,318,0.00,0.00,0.00,0.00,0.61,0.00,0.00,2.42,Spiele
79,Daniel Caligiuri\Daniel-Caligiuri,it ITA,MFDF,Augsburg,32,1988,29.6,27.8,40.2,690,538.0,225.5,12.4,14.8,840,9.86,13.4,734,4.63,9.43,491,0.14,0.13,0.01,1.62,2.06,1.11,0.30,3.18,Spiele
80,Emre Can\Emre-Can,de GER,DFMF,Dortmund,26,1994,23.7,66.9,76.6,873,1417.3,409.6,21.1,23.3,902,33.9,36.8,921,11.5,15.5,741,0.17,0.10,0.07,0.72,5.49,0.80,0.08,5.06,Spiele
81,Koen Casteels\Koen-Casteels,be BEL,TW,Wolfsburg,28,1992,32.0,29.3,39.0,752,928.0,543.4,3.50,3.50,1000,13.8,13.9,998,12.0,21.6,555,0.00,0.00,0.00,0.03,0.31,0.00,0.00,0.00,Spiele
82,Gonzalo Castro\Gonzalo-Castro,de GER,MFFW,Stuttgart,33,1987,19.2,35.2,47.1,746,641.6,213.4,15.8,18.1,874,13.3,16.8,795,4.90,9.11,537,0.10,0.16,-0.05,2.24,3.18,1.61,0.05,4.69,Spiele
83,Sava Cestic\Sava-Cestic,rs SRB,DF,Köln,19,2001,10.0,30.7,40.5,758,715.8,253.2,5.40,7.10,761,18.9,21.2,892,6.00,11.4,526,0.00,0.01,-0.01,0.20,1.60,0.10,0.00,2.40,Spiele
84,Timothy Chandler\Timothy-Chandler,us USA,DF,Eint Frankfurt,30,1990,4.8,31.9,44.6,715,558.5,242.9,15.2,17.7,859,13.1,19.0,692,3.13,6.25,500,0.00,0.06,-0.06,0.83,2.92,1.04,0.21,5.42,Spiele
85,Kwon Chang-hoon\Kwon-Chang-hoon,kr KOR,MFFW,Freiburg,26,1994,2.4,22.5,29.6,761,362.9,85.8,13.3,15.0,889,7.08,9.17,773,1.67,3.75,444,0.00,0.00,0.00,0.42,1.25,0.00,0.00,2.92,Spiele
86,Tahith Chong\Tahith-Chong,nl NED,FWMF,Werder Bremen,20,1999,4.3,20.0,31.6,632,321.6,109.1,11.6,16.0,725,5.35,8.37,639,2.09,3.26,643,0.23,0.12,0.12,1.16,1.63,0.70,0.47,1.63,Spiele
87,Darko Churlinov\Darko-Churlinov,mk MKD,DFFW,Stuttgart,20,2000,2.4,33.8,41.3,818,516.3,135.4,18.8,20.4,918,12.1,14.6,829,2.50,5.00,500,0.42,0.17,0.25,0.83,0.42,2.50,0.42,4.17,Spiele
88,Tim Civeja\Tim-Civeja,de GER,MFDF,Augsburg,18,2002,0.4,40.0,60.0,667,765.0,220.0,20.0,30.0,667,7.50,15.0,500,12.5,12.5,1000,0.00,0.00,0.00,0.00,2.50,0.00,0.00,5.00,Spiele
89,Kingsley Coman\Kingsley-Coman,fr FRA,FWMF,Bayern Munich,24,1996,19.5,34.9,43.9,794,618.9,113.9,17.3,20.1,862,13.4,16.5,811,3.85,5.49,701,0.51,0.34,0.17,2.21,1.03,2.00,0.82,3.23,Spiele
90,Jhon Córdoba\Jhon-Cordoba,co COL,FW,Hertha BSC,27,1993,17.1,14.3,18.7,763,233.9,29.1,7.19,8.71,826,4.85,6.43,755,1.52,1.81,839,0.06,0.11,-0.05,1.35,0.64,0.29,0.18,0.82,Spiele
91,Sergio Córdova\Sergio-Cordova,ve VEN,FWMF,Arminia,22,1997,12.1,14.9,22.1,674,216.4,53.4,8.68,10.7,808,4.30,6.61,650,1.07,2.15,500,0.08,0.10,-0.02,1.24,1.49,0.17,0.00,1.57,Spiele
92,Danny da Costa\Danny-da-Costa,de GER,DF,Mainz 05,27,1993,13.4,23.2,38.2,607,509.9,273.9,7.16,9.55,750,11.6,18.1,645,4.33,9.18,472,0.07,0.13,-0.05,1.04,2.16,1.57,0.52,4.25,Spiele
93,Danny da Costa\Danny-da-Costa,de GER,DF,Eint Frankfurt,27,1993,1.2,28.3,40.8,694,461.7,245.0,13.3,15.8,842,12.5,17.5,714,2.50,5.00,500,0.00,0.00,0.00,0.00,1.67,2.50,0.83,5.00,Spiele
94,Douglas Costa\Douglas-Costa,br BRA,FWMF,Bayern Munich,29,1990,3.6,35.8,51.9,690,695.8,224.4,15.3,19.2,797,12.2,15.8,772,7.22,11.7,619,0.28,0.19,0.08,1.67,3.89,1.94,0.28,5.56,Spiele
95,Tanguy Coulibaly\Tanguy-Coulibaly,fr FRA,DFFW,Stuttgart,19,2001,16.7,20.8,28.1,740,321.1,81.7,11.6,14.3,808,7.07,8.86,797,1.32,2.69,489,0.06,0.11,-0.05,0.84,0.60,0.78,0.42,2.04,Spiele
96,Mickaël Cuisance\Mickael-Cuisance,fr FRA,FW,Bayern Munich,20,1999,0.2,45.0,50.0,900,860.0,15.0,15.0,15.0,1000,25.0,25.0,1000,5.00,10.0,500,0.00,0.00,0.00,0.00,5.00,0.00,0.00,0.00,Spiele
97,Matheus Cunha\Matheus-Cunha,br BRA,FWMF,Hertha BSC,21,1999,23.9,21.5,32.6,659,443.3,150.2,9.12,11.8,770,7.03,9.75,721,4.60,8.62,534,0.17,0.21,-0.04,2.01,2.72,1.05,0.04,3.10,Spiele
98,Rafael Czichos\Rafael-Czichos,de GER,DF,Köln,30,1990,25.1,44.7,52.5,851,1069.1,423.1,9.12,10.6,858,24.5,26.2,936,10.6,14.9,716,0.00,0.00,-0.00,0.12,3.43,0.28,0.08,3.86,Spiele
99,Moanes Dabour\Moanes-Dabour,il ISR,FW,Hoffenheim,28,1992,11.1,22.8,31.1,733,347.3,110.7,13.5,17.0,794,6.67,8.47,787,1.62,3.06,529,0.00,0.09,-0.09,1.08,2.07,1.26,0.27,3.15,Spiele
100,Finn Dahmen\Finn-Dahmen,de GER,TW,Mainz 05,22,1998,3.0,22.3,28.7,779,509.7,184.7,6.33,6.33,1000,10.7,11.0,970,4.67,10.7,438,0.00,0.00,0.00,0.00,0.00,0.00,0.00,0.00,Spiele
101,Mahmoud Dahoud\Mahmoud-Dahoud,de GER,MF,Dortmund,24,1996,14.0,56.1,65.2,861,1155.1,232.6,18.4,20.4,902,26.6,29.1,914,9.93,13.1,755,0.07,0.09,-0.01,0.86,4.71,1.07,0.14,4.57,Spiele
102,Leon Dajaku\Leon-Dajaku,de GER,FW,Union Berlin,19,2001,0.4,27.5,32.5,846,367.5,105.0,17.5,17.5,1000,10.0,10.0,1000,0.00,2.50,00,0.00,0.00,0.00,0.00,2.50,0.00,0.00,0.00,Spiele
103,Tiago Dantas\Tiago-Dantas,pt POR,MF,Bayern Munich,19,2000,0.8,35.0,43.8,800,710.0,163.8,13.8,15.0,917,15.0,18.8,800,6.25,7.50,833,0.00,0.00,0.00,1.25,1.25,3.75,0.00,6.25,Spiele
104,Márton Dárdai\Marton-Dardai,de GER,DFMF,Hertha BSC,18,2002,9.1,44.6,55.6,802,1188.4,412.9,6.26,7.14,877,25.6,27.1,943,12.6,20.8,608,0.11,0.02,0.09,0.44,4.18,0.44,0.11,4.84,Spiele
105,Vladimír Darida\Vladimir-Darida,cz CZE,MF,Hertha BSC,29,1990,21.1,34.1,47.1,725,738.7,180.6,12.0,14.9,809,13.5,17.0,796,7.91,12.4,637,0.28,0.27,0.01,1.85,2.70,1.33,0.24,3.84,Spiele
106,Alphonso Davies\Alphonso-Davies,ca CAN,DF,Bayern Munich,19,2000,19.6,68.3,76.7,890,1116.3,331.7,33.3,36.0,925,30.5,33.4,913,3.62,4.85,747,0.10,0.04,0.06,0.66,4.85,0.82,0.26,5.46,Spiele
107,Thomas Delaney\Thomas-Delaney,dk DEN,MF,Dortmund,28,1991,14.3,48.7,58.2,838,921.7,207.1,20.3,22.8,890,20.6,23.1,894,6.64,10.2,651,0.07,0.01,0.06,0.28,3.71,0.42,0.07,3.22,Spiele
108,Kerem Demirbay\Kerem-Demirbay,de GER,MF,Leverkusen,27,1993,19.4,49.2,62.4,788,950.5,296.2,21.6,24.2,893,18.5,22.0,840,8.25,14.3,576,0.15,0.13,0.02,1.86,5.88,1.29,0.41,6.29,Spiele
109,Ermedin Demirovi?\Ermedin-Demirovic,ba BIH,FW,Freiburg,22,1998,16.6,9.28,16.0,581,153.6,50.5,4.76,6.57,725,3.31,6.20,534,0.90,1.75,517,0.36,0.19,0.17,0.78,1.02,0.96,0.18,2.05,Spiele
110,Emmanuel Dennis\Emmanuel-Dennis,ng NGA,FW,Köln,22,1997,5.3,18.5,26.2,705,263.4,38.5,11.3,14.3,789,4.72,7.36,641,1.32,1.32,1000,0.19,0.23,-0.04,0.75,0.75,0.57,0.38,0.57,Spiele
111,Mike van der Hoorn\Mike-van-der-Hoorn,nl NED,DF,Arminia,27,1992,15.1,47.7,54.8,871,1154.6,316.2,9.40,10.4,904,27.0,28.9,936,10.9,14.9,733,0.00,0.01,-0.01,0.20,1.66,0.20,0.00,1.99,Spiele
112,Moussa Diaby\Moussa-Diaby,fr FRA,FWMF,Leverkusen,21,1999,26.5,27.2,35.8,761,472.6,90.2,13.5,15.7,858,10.6,12.7,837,2.68,5.43,493,0.42,0.26,0.16,1.66,0.98,1.58,0.79,2.08,Spiele
113,Daniel Didavi\Daniel-Didavi,de GER,FWMF,Stuttgart,30,1990,10.8,29.4,39.7,741,532.2,180.6,12.6,14.9,845,12.5,15.7,794,3.43,6.67,514,0.28,0.28,0.00,2.31,3.80,2.04,0.46,5.37,Spiele
114,Javairô Dilrosun\Javairo-Dilrosun,nl NED,FWMF,Hertha BSC,22,1998,5.9,22.7,30.3,749,419.5,94.1,11.9,14.6,814,6.95,8.81,788,3.39,5.59,606,0.17,0.08,0.08,1.02,1.86,1.53,0.17,2.88,Spiele
115,Eren Dinkçi\Eren-Dinkci,de GER,FWMF,Werder Bremen,18,2001,1.2,16.7,22.5,741,185.8,106.7,13.3,16.7,800,1.67,3.33,500,0.83,0.83,1000,0.00,0.08,-0.08,2.50,1.67,1.67,0.83,1.67,Spiele
116,Ritsu Doan\Ritsu-Doan,jp JPN,MFFW,Arminia,22,1998,30.8,17.7,28.0,634,313.0,123.1,8.77,10.7,818,5.88,8.44,696,2.37,6.79,349,0.06,0.11,-0.04,1.49,1.40,1.07,0.32,2.60,Spiele
117,Ji Dong-won\Ji-Dong-won,kr KOR,FWDF,Mainz 05,29,1991,0.7,21.4,38.6,556,245.7,111.4,15.7,21.4,733,4.29,11.4,375,0.00,1.43,00,0.00,0.00,0.00,1.43,4.29,0.00,0.00,2.86,Spiele
118,Bas Dost\Bas-Dost,nl NED,FW,Eint Frankfurt,31,1989,9.1,22.3,34.3,651,323.2,77.0,13.1,18.5,708,6.92,10.3,670,1.43,3.08,464,0.22,0.25,-0.03,1.21,2.64,0.66,0.00,3.08,Spiele
119,Aleksandar Dragovi?\Aleksandar-Dragovic,at AUT,DF,Leverkusen,29,1991,12.6,74.8,84.0,890,1629.3,504.6,22.9,24.8,920,36.3,39.4,921,15.0,18.5,811,0.00,0.03,-0.03,0.48,6.51,0.32,0.00,5.71,Spiele
120,Dominick Drexler\Dominick-Drexler,de GER,MFFW,Köln,30,1990,13.7,30.0,39.1,767,480.1,116.0,16.0,18.4,869,10.3,12.8,806,2.63,5.18,507,0.07,0.12,-0.04,1.02,1.46,1.17,0.29,2.92,Spiele
121,Ondrej Duda\Ondrej-Duda,sk SVK,FWMF,Köln,25,1994,28.2,31.8,44.3,718,614.5,163.7,13.9,16.5,843,10.9,14.7,742,5.89,10.4,565,0.18,0.15,0.03,1.56,3.37,0.82,0.32,3.62,Spiele
122,Erik Durm\Erik-Durm,de GER,DF,Eint Frankfurt,28,1992,16.4,31.5,44.9,702,590.0,240.8,13.2,15.3,861,14.3,19.3,744,3.54,8.05,439,0.12,0.13,-0.01,0.73,1.59,0.91,0.49,2.93,Spiele
123,Johannes Eggestein\Johannes-Eggestein,de GER,FWMF,Werder Bremen,22,1998,0.4,27.5,42.5,647,387.5,65.0,17.5,20.0,875,10.0,17.5,571,0.00,5.00,00,0.00,0.00,0.00,2.50,2.50,0.00,0.00,5.00,Spiele
124,Maximilian Eggestein\Maximilian-Eggestein,de GER,MF,Werder Bremen,23,1996,32.7,32.9,41.8,786,595.7,193.8,14.5,18.1,804,14.2,16.8,845,3.73,5.29,705,0.15,0.10,0.05,0.80,3.73,0.83,0.09,4.89,Spiele
125,Lilian Egloff\Lilian-Egloff,de GER,MF,Stuttgart,17,2002,0.2,20.0,20.0,1000,290.0,15.0,5.00,5.00,1000,10.0,10.0,1000,0.00,0.00,,0.00,0.00,0.00,0.00,0.00,0.00,0.00,0.00,Spiele
126,Kingsley Ehizibue\Kingsley-Ehizibue,nl NED,DF,Köln,25,1995,12.6,34.4,46.3,741,667.0,258.8,12.1,15.1,805,17.0,22.1,767,4.60,7.22,637,0.08,0.06,0.02,0.56,1.75,0.87,0.63,2.86,Spiele
127,Nico Elvedi\Nico-Elvedi,ch SUI,DF,M'Gladbach,23,1996,28.2,61.6,66.4,928,1267.9,318.7,19.3,20.5,943,32.3,33.5,963,9.61,11.3,850,0.04,0.01,0.03,0.11,1.28,0.11,0.04,2.23,Spiele
128,Breel Embolo\Breel-Embolo,ch SUI,FWMF,M'Gladbach,23,1997,16.0,20.9,28.7,730,282.9,43.6,13.6,16.5,822,5.38,7.63,705,1.06,1.69,630,0.13,0.06,0.06,0.88,0.69,0.88,0.06,1.44,Spiele
129,Keita Endo\Keita-Endo,jp JPN,MFFW,Union Berlin,22,1997,5.1,14.9,21.2,704,255.3,78.4,7.06,10.0,706,4.90,7.06,694,1.96,2.55,769,0.00,0.22,-0.22,1.18,1.37,0.59,0.59,1.37,Spiele
130,Wataru Endo\Wataru-Endo,jp JPN,MF,Stuttgart,27,1993,32.8,46.3,55.1,840,845.5,262.9,18.8,21.2,888,21.7,24.6,883,4.79,7.13,671,0.09,0.06,0.03,0.76,4.30,0.70,0.06,5.30,Spiele
131,Patrick Erras\Patrick-Erras,de GER,MFFW,Werder Bremen,25,1995,0.3,66.7,110.0,606,1243.3,256.7,36.7,53.3,688,20.0,30.0,667,10.0,20.0,500,0.00,0.00,0.00,3.33,3.33,3.33,0.00,3.33,Spiele
132,Ralf Fährmann\Ralf-Fahrmann,de GER,TW,Schalke 04,31,1988,20.8,26.0,39.7,656,761.8,442.6,4.86,4.90,990,11.4,11.7,975,9.57,22.9,418,0.00,0.00,-0.00,0.10,0.38,0.00,0.00,0.00,Spiele
133,Ohis Felix Uduokhai\Ohis-Felix-Uduokhai,de GER,DF,Augsburg,22,1997,29.0,41.9,49.8,842,880.1,281.9,13.1,14.5,903,21.5,23.8,904,7.00,10.4,672,0.00,0.01,-0.01,0.10,2.31,0.14,0.03,2.93,Spiele
134,Edimilson Fernandes\Edimilson-Fernandes,ch SUI,MFDF,Mainz 05,24,1996,9.3,28.1,38.4,731,546.5,193.0,11.4,13.8,828,12.5,15.2,823,3.66,7.85,466,0.11,0.10,0.01,1.08,1.40,0.75,0.32,2.69,Spiele
135,Alfreð Finnbogason\Alfred-Finnbogason,is ISL,FW,Augsburg,31,1989,6.0,18.5,29.3,631,337.0,73.0,8.00,11.8,676,6.83,11.0,621,2.83,3.67,773,0.17,0.23,-0.07,1.67,2.17,0.83,0.33,2.67,Spiele
136,Mark Flekken\Mark-Flekken,nl NED,TW,Freiburg,27,1993,3.0,30.7,41.7,736,1139.7,794.3,2.67,2.67,1000,12.7,12.7,1000,15.3,26.3,582,0.00,0.00,0.00,0.00,1.33,0.00,0.00,0.00,Spiele
137,Florian Flick\Florian-Flick,de GER,MF,Schalke 04,20,2000,4.0,22.8,27.5,827,474.3,125.0,9.50,10.3,927,8.75,10.8,814,4.50,5.75,783,0.00,0.00,0.00,0.00,2.50,0.75,0.00,2.50,Spiele
138,Emil Forsberg\Emil-Forsberg,se SWE,FWMF,RB Leipzig,28,1991,17.1,27.3,35.3,774,424.7,101.2,15.6,18.3,853,8.19,9.82,833,2.46,4.62,532,0.23,0.31,-0.08,1.93,2.16,1.46,0.06,2.92,Spiele
139,Philipp Förster\Philipp-Forster,de GER,FWMF,Stuttgart,25,1995,16.8,33.6,42.4,791,540.7,168.9,17.5,20.8,842,12.3,14.8,835,2.74,4.23,648,0.06,0.15,-0.10,1.55,2.80,1.85,0.12,5.48,Spiele
140,Timothy Fosu-Mensah\Timothy-Fosu-Mensah,nl NED,DF,Leverkusen,22,1998,4.5,67.6,78.2,864,1261.6,447.3,28.9,30.0,963,30.4,33.8,901,7.78,12.9,603,0.00,0.02,-0.02,0.67,6.67,1.33,0.44,6.44,Spiele
141,Raphael Framberger\Raphael-Framberger,de GER,DF,Augsburg,24,1995,17.1,28.5,43.2,661,487.2,256.4,14.3,17.8,800,11.6,16.4,707,2.28,6.78,336,0.06,0.12,-0.06,0.64,1.58,0.76,0.47,3.10,Spiele
142,Marco Friedl\Marco-Friedl,at AUT,DF,Werder Bremen,22,1998,30.9,44.0,54.2,811,1040.6,361.0,12.3,13.5,916,20.9,23.2,901,10.4,16.4,634,0.00,0.02,-0.02,0.29,4.08,0.29,0.06,3.43,Spiele
143,Marvin Friedrich\Marvin-Friedrich,de GER,DF,Union Berlin,24,1995,34.0,43.0,53.1,809,972.2,352.6,12.1,13.5,891,20.9,23.1,906,9.47,15.1,628,0.06,0.02,0.04,0.35,3.47,0.35,0.09,3.62,Spiele
144,Jeremie Frimpong\Jeremie-Frimpong,nl NED,DFFW,Leverkusen,19,2000,4.8,48.3,58.1,832,735.0,210.6,28.8,30.8,932,16.3,18.1,897,2.50,5.63,444,0.00,0.13,-0.13,0.83,2.29,1.67,0.83,3.33,Spiele
145,Niclas Füllkrug\Niclas-Fullkrug,de GER,FWMF,Werder Bremen,27,1993,9.7,15.6,26.7,583,251.4,55.9,8.97,13.3,674,4.54,8.66,524,1.44,2.68,538,0.00,0.02,-0.02,0.62,1.75,0.10,0.00,1.55,Spiele
146,Mijat Ga?inovi?\Mijat-Gacinovic,rs SRB,DFMF,Hoffenheim,25,1995,9.1,37.1,48.6,765,589.8,221.1,18.8,22.2,847,15.1,18.9,797,2.53,4.95,511,0.22,0.21,0.01,1.10,2.42,0.77,0.11,4.18,Spiele
147,Christian Gebauer\Christian-Gebauer,at AUT,MFFW,Arminia,26,1993,7.6,16.6,25.3,656,261.3,107.4,8.95,11.2,800,5.00,7.63,655,1.71,3.95,433,0.13,0.08,0.05,1.18,0.92,0.66,0.13,2.76,Spiele
148,Theodor Gebre Selassie\Theodor-Gebre-Selassie,cz CZE,DF,Werder Bremen,33,1986,33.7,34.9,45.8,763,618.9,289.0,15.8,18.6,853,15.3,19.8,775,3.47,5.99,579,0.03,0.04,-0.01,0.59,1.99,0.71,0.30,3.23,Spiele
149,Emrehan Gedikli\Emrehan-Gedikli,de GER,FW,Leverkusen,17,2003,0.3,13.3,16.7,800,163.3,30.0,10.0,10.0,1000,3.33,3.33,1000,0.00,0.00,,0.00,0.00,0.00,0.00,0.00,0.00,0.00,0.00,Spiele
150,Dennis Geiger\Dennis-Geiger,de GER,MF,Hoffenheim,22,1998,7.3,40.0,48.5,825,815.6,248.2,15.1,16.4,917,17.0,19.2,886,7.12,11.1,642,0.14,0.23,-0.10,1.92,4.38,0.68,0.00,5.48,Spiele
151,Christian Gentner\Christian-Gentner,de GER,MF,Union Berlin,34,1985,11.5,32.4,41.1,789,565.9,158.3,15.7,17.8,883,11.9,14.8,806,3.91,6.35,616,0.00,0.09,-0.09,0.61,3.30,0.78,0.17,4.09,Spiele
152,Yannick Gerhardt\Yannick-Gerhardt,de GER,MFFW,Wolfsburg,26,1994,21.5,26.4,35.5,742,458.2,131.0,11.8,15.1,782,10.5,13.3,790,2.93,4.70,624,0.19,0.16,0.03,1.12,2.65,0.70,0.23,2.74,Spiele
153,Hamadi Al Ghaddioui\Hamadi-Al-Ghaddioui,ma MAR,FWMF,Stuttgart,29,1990,0.5,20.0,30.0,667,302.0,120.0,12.0,16.0,750,6.00,12.0,500,2.00,2.00,1000,0.00,0.00,0.00,0.00,2.00,0.00,0.00,2.00,Spiele
154,Niko Gießelmann\Niko-Giesselmann,de GER,DF,Union Berlin,28,1991,4.8,33.1,51.7,641,631.3,274.8,15.0,18.5,809,12.9,19.8,653,5.21,11.5,455,0.00,0.06,-0.06,0.63,3.75,0.83,0.00,5.21,Spiele
155,Rafa? Gikiewicz\Rafal-Gikiewicz,pl POL,TW,Augsburg,32,1987,34.0,28.6,41.1,696,884.3,513.6,5.03,5.12,983,11.7,11.9,983,11.8,24.0,492,0.00,0.00,0.00,0.00,0.50,0.03,0.00,0.03,Spiele
156,Daniel Ginczek\Daniel-Ginczek,de GER,FWMF,Wolfsburg,29,1991,2.4,18.3,31.7,579,304.6,60.0,9.58,15.8,605,6.67,10.8,615,1.67,2.92,571,0.00,0.13,-0.13,1.67,1.67,0.83,0.00,2.92,Spiele
157,Matthias Ginter\Matthias-Ginter,de GER,DF,M'Gladbach,26,1994,34.0,59.1,68.9,858,1241.9,445.9,17.9,19.2,928,31.9,34.6,923,8.76,14.0,627,0.03,0.06,-0.03,0.32,4.91,0.56,0.12,5.38,Spiele
158,Robert Glatzel\Robert-Glatzel,de GER,FW,Mainz 05,26,1994,4.0,25.0,35.8,699,304.0,64.8,14.8,19.0,776,7.25,10.0,725,0.00,1.00,00,0.25,0.15,0.10,0.50,1.75,1.25,0.25,1.75,Spiele
159,Serge Gnabry\Serge-Gnabry,de GER,FWMF,Bayern Munich,25,1995,18.3,36.6,46.9,781,602.3,135.1,18.6,22.1,844,13.8,16.6,835,2.95,5.14,574,0.11,0.25,-0.14,1.80,2.24,2.30,0.49,3.66,Spiele
160,Akaki Gogia\Akaki-Gogia,de GER,FWMF,Union Berlin,28,1992,1.6,28.8,35.6,807,510.0,163.8,14.4,16.3,885,10.6,13.1,810,3.13,4.38,714,0.63,0.25,0.37,1.25,1.88,0.63,0.00,4.38,Spiele
161,Nicolás González\Nicolas-Gonzalez,ar ARG,FWDF,Stuttgart,22,1998,10.4,14.2,23.2,614,251.3,76.1,6.06,8.85,685,6.25,9.23,677,1.54,2.88,533,0.19,0.19,0.00,1.06,1.92,1.06,0.10,2.60,Spiele
162,Leon Goretzka\Leon-Goretzka,de GER,MF,Bayern Munich,25,1995,18.9,49.3,56.0,880,962.4,211.8,19.5,21.5,909,20.6,22.6,909,7.99,9.68,825,0.26,0.14,0.13,1.06,5.24,1.43,0.05,5.66,Spiele
163,Jeffrey Gouweleeuw\Jeffrey-Gouweleeuw,nl NED,DF,Augsburg,29,1991,31.5,39.8,49.5,804,926.4,346.0,9.84,11.3,868,20.8,22.6,920,8.76,14.7,595,0.00,0.01,-0.01,0.25,3.84,0.38,0.03,3.68,Spiele
164,Demarai Gray\Demarai-Gray,eng ENG,FW,Leverkusen,24,1996,4.9,24.5,36.5,670,446.5,94.3,12.4,15.1,824,8.78,12.2,717,2.86,7.55,378,0.41,0.16,0.24,1.63,1.43,1.22,0.41,3.06,Spiele
165,Michael Gregoritsch\Michael-Gregoritsch,at AUT,FWMF,Augsburg,26,1994,9.3,18.4,28.5,645,309.5,78.8,9.25,11.4,811,5.81,9.25,628,2.26,5.48,412,0.22,0.14,0.08,0.65,2.37,0.65,0.11,2.04,Spiele
166,Sebastian Griesbeck\Sebastian-Griesbeck,de GER,MF,Union Berlin,29,1990,9.9,17.4,23.4,741,297.2,76.7,8.18,9.60,853,6.97,9.19,758,1.52,3.13,484,0.00,0.00,0.00,0.10,1.21,0.30,0.10,1.82,Spiele
167,Vincenzo Grifo\Vincenzo-Grifo,it ITA,MFFW,Freiburg,27,1993,25.7,33.0,44.3,745,660.0,202.1,13.5,15.3,883,12.8,15.8,815,5.91,10.7,551,0.39,0.24,0.15,2.45,2.41,1.40,0.23,4.59,Spiele
168,Lennart Grill\Lennart-Grill,de GER,TW,Leverkusen,21,1999,4.0,36.0,40.3,894,835.0,470.8,7.25,7.25,1000,22.5,22.8,989,6.25,10.3,610,0.00,0.00,0.00,0.00,0.00,0.00,0.00,0.00,Spiele
169,Florian Grillitsch\Florian-Grillitsch,at AUT,MFDF,Hoffenheim,24,1995,20.9,58.0,67.6,858,1291.2,389.6,17.2,19.8,867,27.4,30.0,914,12.5,15.5,811,0.05,0.08,-0.03,0.67,5.89,1.48,0.19,6.46,Spiele
170,Christian Groß\Christian-Gross,de GER,MFDF,Werder Bremen,31,1989,16.3,45.5,52.8,862,883.1,228.0,17.6,19.5,903,21.0,23.1,907,6.56,9.26,709,0.06,0.04,0.02,0.31,2.45,0.25,0.06,2.82,Spiele
171,Ilia Gruev\Ilia-Gruev,bg BUL,FW,Werder Bremen,20,2000,0.0,0,0,,0,0,0,0,,0,0,,0,0,,0,0.0,0.0,0,0,0,0,0,Spiele
172,Carlos Gruezo\Carlos-Gruezo,ec ECU,MF,Augsburg,25,1995,23.2,27.8,34.6,804,607.5,141.3,9.31,11.3,828,12.4,14.1,883,5.86,8.23,712,0.00,0.03,-0.03,0.39,2.28,0.26,0.00,2.50,Spiele
173,Mattéo Guendouzi\Matteo-Guendouzi,fr FRA,MF,Hertha BSC,21,1999,20.2,42.9,50.6,847,895.9,226.2,13.3,15.2,873,21.1,23.3,907,7.82,10.0,782,0.05,0.07,-0.02,0.74,4.60,0.89,0.00,5.25,Spiele
174,Raphaël Guerreiro\Raphael-Guerreiro,pt POR,DF,Dortmund,26,1993,24.6,75.5,87.2,866,1264.8,502.9,39.4,42.9,919,28.5,32.0,891,6.26,9.07,691,0.41,0.28,0.12,2.15,7.28,2.48,0.53,9.27,Spiele
175,Josuha Guilavogui\Josuha-Guilavogui,fr FRA,MFDF,Wolfsburg,29,1990,8.3,43.5,51.8,840,919.5,261.3,13.9,16.4,846,20.1,23.0,874,8.55,11.0,780,0.12,0.01,0.11,0.48,5.18,0.48,0.00,4.22,Spiele
176,Péter Gulácsi\Peter-Gulacsi,hu HUN,TW,RB Leipzig,30,1990,33.0,30.7,35.4,867,787.9,409.8,6.48,6.52,995,15.5,15.6,996,8.55,13.2,650,0.00,0.00,0.00,0.00,0.39,0.00,0.00,0.03,Spiele
177,Manuel Gulde\Manuel-Gulde,de GER,DF,Freiburg,29,1991,21.7,41.4,46.8,885,887.5,245.9,10.8,11.9,907,23.5,25.0,939,6.77,9.03,750,0.00,0.00,0.00,0.00,1.71,0.00,0.00,2.21,Spiele
178,Robert Gumny\Robert-Gumny,pl POL,DF,Augsburg,22,1998,15.3,29.0,38.9,746,486.0,194.7,14.2,16.2,875,11.8,15.0,790,2.61,5.42,482,0.00,0.03,-0.03,0.46,0.85,0.59,0.33,2.16,Spiele
179,Christian Günter\Christian-Gunter,de GER,DF,Freiburg,27,1993,34.0,35.4,48.7,726,682.3,283.0,15.0,17.4,863,14.6,18.8,778,5.26,10.3,511,0.09,0.17,-0.09,2.06,2.47,1.62,1.00,3.59,Spiele
180,Erling Haaland\Erling-Haaland,no NOR,FW,Dortmund,20,2000,26.7,13.5,18.4,735,184.7,30.4,8.31,10.7,776,3.71,5.06,733,0.64,1.12,567,0.22,0.20,0.02,0.86,0.64,0.64,0.00,1.20,Spiele
181,Janik Haberer\Janik-Haberer,de GER,MFFW,Freiburg,26,1994,5.4,32.0,40.0,801,561.1,116.3,13.7,16.5,831,12.4,15.0,827,4.26,5.93,719,0.00,0.02,-0.02,0.37,2.59,0.74,0.19,3.52,Spiele
182,Alexander Hack\Alexander-Hack,de GER,DF,Mainz 05,26,1993,15.2,34.9,45.1,773,789.1,315.7,9.08,11.4,798,17.3,20.1,862,8.09,12.4,654,0.00,0.03,-0.03,0.39,2.43,0.13,0.00,3.22,Spiele
183,André Hahn\Andre-Hahn,de GER,FWMF,Augsburg,29,1990,22.6,11.6,20.7,561,199.2,43.8,5.71,8.67,658,4.42,7.61,581,1.06,2.57,414,0.13,0.08,0.05,0.75,0.66,0.53,0.18,1.06,Spiele
184,Amadou Haidara\Amadou-Haidara,ml MLI,MFDF,RB Leipzig,22,1998,21.2,42.0,52.4,803,658.4,201.2,23.8,27.0,883,14.1,17.2,816,2.88,5.00,575,0.05,0.12,-0.08,1.56,3.16,1.46,0.28,5.38,Spiele
185,Marcel Halstenberg\Marcel-Halstenberg,de GER,DF,RB Leipzig,28,1991,18.3,78.6,89.5,878,1419.7,496.3,33.1,35.5,932,37.3,41.3,903,7.21,10.5,684,0.11,0.14,-0.03,1.48,7.76,1.09,0.55,8.25,Spiele
186,Amine Harit\Amine-Harit,ma MAR,MFFW,Schalke 04,23,1997,23.3,27.5,36.7,751,479.5,157.5,13.0,15.9,817,9.96,12.3,808,3.43,6.05,567,0.21,0.21,0.00,1.97,2.02,1.55,0.13,4.03,Spiele
187,Marcel Hartel\Marcel-Hartel,de GER,MF,Arminia,24,1996,18.7,31.5,42.2,747,581.3,144.2,14.5,16.3,889,12.5,15.3,815,4.01,8.34,481,0.00,0.06,-0.06,0.75,2.41,0.91,0.37,2.99,Spiele
188,Makoto Hasebe\Makoto-Hasebe,jp JPN,DFMF,Eint Frankfurt,36,1984,25.4,58.3,65.5,890,1174.3,358.0,19.2,21.3,902,29.3,31.4,935,8.98,11.5,784,0.00,0.01,-0.01,0.20,5.43,0.55,0.12,5.35,Spiele
189,Thorgan Hazard\Thorgan-Hazard,be BEL,FWMF,Dortmund,27,1993,7.3,41.5,50.4,823,715.6,218.4,21.8,24.5,888,14.5,17.0,855,4.25,6.99,608,0.41,0.38,0.03,1.78,1.92,2.19,0.14,4.66,Spiele
190,Jonas Hector\Jonas-Hector,de GER,MF,Köln,30,1990,14.3,30.7,39.8,772,611.3,136.4,11.8,15.2,779,13.3,15.7,844,5.03,7.48,673,0.07,0.11,-0.04,1.26,2.38,0.98,0.07,3.15,Spiele
191,Hwang Hee-chan\Hwang-Hee-chan,kr KOR,FWMF,RB Leipzig,24,1996,5.1,15.7,23.5,667,209.6,57.8,11.2,13.7,814,3.33,6.27,531,0.59,1.76,333,0.20,0.18,0.02,0.78,0.78,0.20,0.00,1.18,Spiele
192,Dominique Heintz\Dominique-Heintz,de GER,DF,Freiburg,26,1993,15.2,55.1,64.1,858,1334.1,409.9,12.0,12.8,938,28.9,31.2,926,13.9,19.2,723,0.00,0.03,-0.03,0.20,4.41,0.26,0.00,4.34,Spiele
193,Benjamin Henrichs\Benjamin-Henrichs,de GER,DFMF,RB Leipzig,23,1997,6.0,44.3,59.2,749,752.7,270.2,21.5,25.2,854,18.3,23.0,797,4.00,6.83,585,0.17,0.10,0.07,0.50,4.33,0.67,0.00,5.50,Spiele
194,Lucas Hernández\Lucas-Hernandez,fr FRA,DF,Bayern Munich,24,1996,17.7,62.5,73.8,847,1208.1,424.4,22.8,25.2,904,31.9,35.7,892,7.46,11.0,680,0.11,0.07,0.05,0.73,4.41,1.13,0.68,4.97,Spiele
195,Patrick Herrmann\Patrick-Herrmann,de GER,FW,M'Gladbach,29,1991,9.7,24.1,36.1,669,407.7,122.8,12.8,16.5,775,8.25,11.1,741,2.58,6.60,391,0.31,0.18,0.13,2.16,1.34,0.82,0.41,2.58,Spiele
196,Martin Hinteregger\Martin-Hinteregger,at AUT,DF,Eint Frankfurt,27,1992,28.1,55.5,67.1,827,1189.0,413.3,16.0,17.8,898,29.6,33.0,895,9.50,15.2,625,0.04,0.02,0.01,0.28,4.59,0.28,0.00,5.44,Spiele
197,Marwin Hitz\Marwin-Hitz,ch SUI,TW,Dortmund,32,1987,15.5,29.5,35.5,831,849.5,475.1,5.03,5.10,987,13.6,13.6,1000,10.6,16.6,642,0.00,0.00,0.00,0.00,0.13,0.00,0.00,0.00,Spiele
198,Nicolas Höfler\Nicolas-Hofler,de GER,MF,Freiburg,30,1990,30.3,38.7,45.9,844,744.2,207.3,13.7,16.0,855,19.4,21.2,916,4.69,6.57,714,0.10,0.05,0.05,0.59,3.20,0.56,0.10,3.53,Spiele
199,Jonas Hofmann\Jonas-Hofmann,de GER,FWMF,M'Gladbach,28,1992,20.2,37.8,50.7,744,741.3,214.2,16.7,19.3,866,13.6,16.5,823,6.63,12.3,540,0.54,0.27,0.27,2.82,2.62,1.24,0.20,3.22,Spiele
200,Marco Höger\Marco-Hoger,de GER,DFMF,Köln,30,1989,0.6,35.0,51.7,677,638.3,278.3,15.0,16.7,900,15.0,23.3,643,5.00,11.7,429,0.00,0.00,0.00,0.00,1.67,1.67,0.00,6.67,Spiele
201,Lucas Höler\Lucas-Holer,de GER,FWMF,Freiburg,26,1994,23.2,19.2,28.4,677,290.9,55.3,11.8,14.7,801,5.56,8.66,642,1.29,2.46,526,0.17,0.13,0.04,0.91,1.21,0.60,0.04,1.72,Spiele
202,Matthew Hoppe\Matthew-Hoppe,us USA,FW,Schalke 04,19,2001,14.5,12.8,17.7,727,179.4,30.5,7.52,9.38,801,3.86,5.45,709,0.62,1.10,563,0.07,0.06,0.01,0.48,0.48,0.48,0.07,0.97,Spiele
203,Jannes Horn\Jannes-Horn,de GER,DF,Köln,23,1997,19.6,36.8,46.3,796,786.9,319.9,10.6,12.2,870,19.6,22.6,871,6.22,10.6,589,0.05,0.08,-0.03,0.77,2.65,0.97,0.71,3.47,Spiele
204,Timo Horn\Timo-Horn,de GER,TW,Köln,27,1993,33.4,29.2,39.7,735,919.8,569.1,4.13,4.16,993,12.5,12.7,991,12.3,22.7,544,0.00,0.00,0.00,0.03,0.78,0.03,0.00,0.00,Spiele
205,Lukáš Hrádecký\Lukas-Hradecky,fi FIN,TW,Leverkusen,30,1989,28.5,37.6,48.8,771,1052.3,669.5,5.86,5.86,1000,18.2,18.5,987,13.3,24.1,550,0.00,0.00,0.00,0.00,0.32,0.00,0.00,0.04,Spiele
206,Ajdin Hrustic\Ajdin-Hrustic,au AUS,MFFW,Eint Frankfurt,24,1996,3.0,66.3,81.3,816,1298.7,388.7,25.7,27.0,951,27.3,29.7,921,12.0,21.3,563,0.00,0.13,-0.13,2.00,8.33,3.33,0.67,8.33,Spiele
207,Florian Hübner\Florian-Hubner,de GER,DF,Union Berlin,29,1991,5.8,30.5,41.0,744,570.3,235.7,12.2,13.6,899,14.5,19.3,750,3.10,6.90,450,0.00,0.00,0.00,0.00,2.24,0.34,0.17,2.24,Spiele
208,Mats Hummels\Mats-Hummels,de GER,DF,Dortmund,31,1988,31.3,73.3,82.5,888,1803.8,469.6,13.3,14.5,916,40.5,43.1,940,19.3,24.2,797,0.00,0.03,-0.03,0.32,4.47,0.29,0.00,4.35,Spiele
209,Klaas-Jan Huntelaar\Klaas-Jan-Huntelaar,nl NED,FW,Schalke 04,36,1983,6.5,15.8,20.8,763,230.8,35.1,8.46,10.3,821,5.85,7.69,760,0.46,0.92,500,0.15,0.08,0.08,0.62,0.77,0.77,0.15,1.23,Spiele
210,Iago\Iago,br BRA,DF,Augsburg,23,1997,17.3,35.0,47.4,738,658.0,224.6,14.6,16.7,872,16.0,20.0,798,4.39,9.13,481,0.06,0.06,-0.01,0.81,1.10,1.04,0.58,2.37,Spiele
211,Vedad Ibiševi?\Vedad-Ibisevic,ba BIH,FW,Schalke 04,35,1984,1.7,14.7,20.6,714,208.8,24.7,8.82,11.2,789,3.53,5.29,667,1.18,1.76,667,0.00,0.00,0.00,1.18,1.18,0.00,0.00,1.18,Spiele
212,Blendi Idrizi\Blendi-Idrizi,xk KVX,MF,Schalke 04,22,1998,2.6,20.0,26.2,765,307.7,110.8,14.2,16.9,841,3.46,4.62,750,2.31,3.08,750,0.00,0.08,-0.08,0.38,2.31,0.77,0.00,2.31,Spiele
213,Stefan Ilsanker\Stefan-Ilsanker,at AUT,MFDF,Eint Frankfurt,31,1989,17.5,40.5,50.5,802,795.7,252.3,14.9,16.5,903,19.8,23.4,846,5.20,8.91,583,0.00,0.01,-0.01,0.29,3.31,0.29,0.06,3.77,Spiele
214,Marcus Ingvartsen\Marcus-Ingvartsen,dk DEN,MFFW,Union Berlin,24,1996,21.8,21.2,29.9,710,336.6,93.0,10.8,12.9,836,7.48,10.6,703,1.74,3.90,447,0.23,0.10,0.13,0.96,1.51,0.50,0.14,1.97,Spiele
215,Ismail Jakobs\Ismail-Jakobs,de GER,DFMF,Köln,20,1999,19.2,24.2,36.3,668,410.4,141.4,12.9,15.7,824,7.92,12.0,658,2.76,6.30,438,0.05,0.10,-0.05,0.73,0.99,1.04,0.68,1.93,Spiele
216,Tony Jantschke\Tony-Jantschke,de GER,DF,M'Gladbach,30,1990,3.0,78.0,84.7,921,1613.3,496.7,22.7,23.7,958,42.3,44.3,955,12.0,14.7,818,0.00,0.00,0.00,0.00,2.67,0.00,0.00,5.33,Spiele
217,Rune Jarstein\Rune-Jarstein,no NOR,TW,Hertha BSC,35,1984,8.0,23.0,35.5,648,790.3,504.4,2.75,2.88,957,9.75,9.88,987,10.4,22.6,459,0.00,0.00,0.00,0.00,0.25,0.00,0.00,0.00,Spiele
218,Tin Jedvaj\Tin-Jedvaj,hr CRO,DF,Leverkusen,24,1995,1.7,64.7,74.7,866,1326.5,554.7,22.4,22.9,974,34.7,38.8,894,7.65,11.8,650,0.00,0.00,0.00,0.00,8.24,0.59,0.00,5.29,Spiele
219,Fredrik Jensen\Fredrik-Jensen,fi FIN,FWMF,Augsburg,22,1997,4.2,16.2,23.8,680,258.8,83.8,8.57,10.2,837,5.95,7.38,806,1.19,3.81,313,0.24,0.24,0.00,1.43,1.19,0.95,0.24,0.95,Spiele
220,Marco John\Marco-John,de GER,DF,Hoffenheim,18,2002,11.1,38.3,48.1,796,612.0,243.3,19.8,22.6,876,15.8,18.6,850,2.07,3.96,523,0.00,0.14,-0.14,0.90,2.07,1.71,0.81,4.14,Spiele
221,Luka Jovi?\Luka-Jovic,rs SRB,FWMF,Eint Frankfurt,22,1997,9.9,23.0,29.5,781,389.2,90.8,12.4,15.4,809,6.67,9.19,725,2.93,3.43,853,0.10,0.06,0.04,0.51,2.42,1.01,0.10,3.43,Spiele
222,Ozan Kabak\Ozan-Kabak,tr TUR,DF,Schalke 04,20,2000,13.8,43.8,49.3,890,948.4,287.0,12.5,13.6,920,23.3,24.3,955,7.68,10.9,707,0.00,0.01,-0.01,0.22,3.19,0.22,0.00,3.04,Spiele
223,Pavel Kade?ábek\Pavel-Kaderabek,cz CZE,DF,Hoffenheim,28,1992,17.6,40.1,54.4,737,714.1,281.1,16.6,20.1,828,19.1,24.0,799,3.69,7.78,474,0.23,0.19,0.04,1.31,3.12,1.76,0.85,5.06,Spiele
224,Florian Kainz\Florian-Kainz,at AUT,FWMF,Köln,27,1992,5.0,25.2,36.6,689,450.2,179.8,12.2,13.6,897,8.20,13.0,631,3.80,8.20,463,0.00,0.20,-0.20,2.00,3.00,1.60,0.40,4.20,Spiele
225,Sasa Kalajdzic\Sasa-Kalajdzic,at AUT,FW,Stuttgart,23,1997,23.7,19.8,28.2,704,283.8,44.9,12.0,15.5,774,5.78,8.23,703,1.22,2.07,592,0.21,0.15,0.06,0.97,1.10,0.55,0.04,1.56,Spiele
226,Daichi Kamada\Daichi-Kamada,jp JPN,MFFW,Eint Frankfurt,23,1996,26.2,28.7,38.3,749,502.1,150.6,14.0,16.8,834,10.0,12.4,807,3.70,6.49,571,0.46,0.29,0.17,1.98,2.90,1.07,0.19,3.40,Spiele
227,Marcin Kami?ski\Marcin-Kaminski,pl POL,DF,Stuttgart,28,1992,2.4,78.3,88.8,883,1651.3,634.2,20.4,22.1,925,45.8,48.3,948,11.7,15.8,737,0.00,0.08,-0.08,0.83,11.3,1.25,0.83,13.8,Spiele
228,Kevin Kampl\Kevin-Kampl,si SVN,MF,RB Leipzig,29,1990,21.5,59.7,66.5,899,1053.7,222.0,25.7,27.3,944,26.2,28.2,931,6.28,8.47,742,0.05,0.09,-0.04,0.74,5.40,0.79,0.05,4.74,Spiele
229,Jimmy Kaparos\Jimmy-Kaparos,de GER,MF,Schalke 04,18,2001,0.2,10.0,10.0,1000,165.0,95.0,5.00,5.00,1000,5.00,5.00,1000,0.00,0.00,,0.00,0.00,0.00,0.00,0.00,0.00,0.00,0.00,Spiele
230,Atakan Karazor\Atakan-Karazor,de GER,DFMF,Stuttgart,23,1996,11.5,53.5,61.3,872,972.6,301.7,20.9,23.1,902,26.0,28.2,923,5.22,7.83,667,0.00,0.01,-0.01,0.17,2.09,0.09,0.00,2.52,Spiele
231,Loris Karius\Loris-Karius,de GER,TW,Union Berlin,27,1993,3.2,18.1,29.7,611,661.9,493.4,2.19,2.19,1000,6.25,6.25,1000,9.69,21.3,456,0.00,0.00,0.00,0.00,1.25,0.00,0.00,0.00,Spiele
232,Silas Katompa\Silas-Katompa,cd COD,DFFW,Stuttgart,21,1998,21.3,16.2,23.1,699,261.4,75.0,8.69,10.7,811,6.01,8.36,719,1.17,2.44,481,0.19,0.24,-0.05,1.08,0.56,0.85,0.42,1.41,Spiele
233,Noah Katterbach\Noah-Katterbach,de GER,DF,Köln,19,2001,12.3,41.9,54.4,770,741.0,334.0,18.9,21.5,879,17.7,21.8,813,4.23,8.62,491,0.00,0.10,-0.10,0.98,3.09,0.89,0.57,4.39,Spiele
234,Yannik Keitel\Yannik-Keitel,de GER,MF,Freiburg,20,2000,5.5,28.9,35.8,807,512.7,119.8,13.6,16.9,806,11.6,13.3,877,3.09,4.00,773,0.00,0.04,-0.04,0.55,2.00,0.55,0.00,3.45,Spiele
235,Marc-Oliver Kempf\Marc-Oliver-Kempf,de GER,DF,Stuttgart,25,1995,30.3,50.9,61.6,826,1054.6,405.0,17.3,19.0,910,25.0,28.4,883,7.99,12.8,625,0.03,0.01,0.02,0.36,5.51,0.69,0.07,5.35,Spiele
236,Rani Khedira\Rani-Khedira,de GER,MF,Augsburg,26,1994,20.2,24.5,33.2,736,439.3,108.4,10.3,12.7,813,10.2,13.2,778,2.87,5.20,552,0.00,0.01,-0.01,0.35,1.39,0.59,0.15,2.13,Spiele
237,Sami Khedira\Sami-Khedira,de GER,MF,Hertha BSC,33,1987,4.4,41.8,50.5,829,790.0,167.5,14.5,17.3,842,21.4,24.3,879,5.00,7.27,688,0.23,0.11,0.11,0.68,1.36,0.45,0.00,3.41,Spiele
238,Luca Kilian\Luca-Kilian,de GER,DF,Mainz 05,20,1999,4.2,46.0,52.9,869,1054.8,251.7,10.0,10.7,933,26.4,28.3,933,9.05,12.6,717,0.00,0.00,0.00,0.24,1.43,0.24,0.00,2.38,Spiele
239,Joshua Kimmich\Joshua-Kimmich,de GER,MF,Bayern Munich,25,1995,24.4,73.4,87.3,840,1614.8,474.7,24.2,26.5,913,32.7,36.1,907,15.4,23.0,668,0.41,0.27,0.14,2.75,8.77,2.38,0.33,9.43,Spiele
240,Davy Klaassen\Davy-Klaassen,nl NED,MF,Werder Bremen,27,1993,2.5,17.6,25.6,688,273.6,86.0,7.60,10.4,731,9.20,11.2,821,0.40,2.40,167,0.00,0.00,0.00,0.00,1.60,0.40,0.00,2.00,Spiele
241,Felix Klaus\Felix-Klaus,de GER,DFMF,Wolfsburg,27,1992,1.5,38.7,48.0,806,695.3,131.3,18.0,21.3,844,14.0,16.7,840,5.33,6.67,800,0.00,0.00,0.00,0.00,1.33,0.00,0.00,2.67,Spiele
242,Klauss\Klauss,br BRA,FWDF,Hoffenheim,23,1997,0.6,30.0,36.7,818,408.3,166.7,21.7,23.3,929,6.67,8.33,800,1.67,3.33,500,0.00,0.50,-0.50,3.33,1.67,3.33,0.00,6.67,Spiele
243,Philipp Klement\Philipp-Klement,de GER,MFFW,Stuttgart,27,1992,4.7,60.6,73.6,824,1196.0,361.1,25.1,26.8,937,24.3,26.8,905,10.0,17.0,588,0.43,0.36,0.06,3.62,5.74,1.91,0.21,4.47,Spiele
244,Mateo Klimowicz\Mateo-Klimowicz,de GER,FWMF,Stuttgart,20,2000,13.3,19.0,25.3,753,310.2,72.0,10.3,12.9,797,5.94,7.44,798,2.03,3.16,643,0.08,0.09,-0.02,0.98,1.58,0.83,0.08,2.11,Spiele
245,Fabian Klos\Fabian-Klos,de GER,FW,Arminia,32,1987,30.1,15.0,26.5,564,247.0,64.6,7.87,12.4,637,5.18,9.50,545,1.43,2.76,518,0.07,0.12,-0.05,0.93,1.63,0.56,0.07,2.62,Spiele
246,Lukas Klostermann\Lukas-Klostermann,de GER,DF,RB Leipzig,24,1996,16.1,63.3,71.6,884,1218.4,382.2,22.9,24.9,918,32.4,35.0,927,7.52,11.0,684,0.00,0.03,-0.03,0.25,6.02,0.62,0.06,4.91,Spiele
247,Justin Kluivert\Justin-Kluivert,nl NED,FW,RB Leipzig,21,1999,9.0,19.2,27.8,692,283.3,57.4,12.0,15.3,783,5.22,7.44,701,1.44,3.11,464,0.11,0.13,-0.02,1.33,1.00,1.00,0.44,1.56,Spiele
248,Lukas Klünter\Lukas-Klunter,de GER,DF,Hertha BSC,24,1996,11.0,37.1,48.3,768,781.7,262.7,10.2,11.4,896,20.9,23.9,875,5.73,11.2,512,0.00,0.03,-0.03,0.27,2.36,0.55,0.27,2.55,Spiele
249,Ansgar Knauff\Ansgar-Knauff,de GER,FWMF,Dortmund,18,2002,0.8,23.8,31.3,760,450.0,173.8,7.50,10.0,750,13.8,17.5,786,1.25,2.50,500,1.25,1.25,0.00,5.00,0.00,2.50,2.50,2.50,Spiele
250,Robin Knoche\Robin-Knoche,de GER,DF,Union Berlin,28,1992,33.8,51.7,59.7,866,1234.6,342.6,10.9,12.1,904,27.0,29.3,920,13.4,17.5,765,0.00,0.01,-0.01,0.09,2.22,0.06,0.00,2.43,Spiele
251,Gregor Kobel\Gregor-Kobel,ch SUI,TW,Stuttgart,22,1997,33.0,30.2,36.8,821,688.5,420.4,10.8,10.8,997,11.6,11.6,997,6.70,13.2,508,0.00,0.00,0.00,0.03,0.36,0.03,0.00,0.03,Spiele
252,Dominik Kohr\Dominik-Kohr,de GER,MFFW,Eint Frankfurt,26,1994,2.9,45.9,59.7,769,799.0,236.6,20.3,24.5,831,22.4,28.6,783,2.41,4.48,538,0.00,0.00,0.00,0.34,6.90,0.34,0.00,7.93,Spiele
253,Dominik Kohr\Dominik-Kohr,de GER,MF,Mainz 05,26,1994,14.1,27.9,36.7,762,478.2,159.9,12.3,15.0,820,11.5,14.6,786,3.05,4.96,614,0.07,0.09,-0.01,0.43,3.76,0.43,0.00,3.62,Spiele
254,Sead Kolašinac\Sead-Kolasinac,ba BIH,DFMF,Schalke 04,27,1993,15.8,37.2,46.8,794,633.6,224.5,16.5,19.2,861,17.5,20.8,839,2.34,4.75,493,0.06,0.10,-0.04,0.76,2.03,0.57,0.06,2.78,Spiele
255,Ibrahima Konaté\Ibrahima-Konate,fr FRA,DF,RB Leipzig,21,1999,7.7,61.3,70.9,864,1280.8,339.1,13.5,15.1,897,39.1,42.3,923,8.31,12.7,653,0.00,0.00,0.00,0.00,3.90,0.00,0.00,2.86,Spiele
256,Filip Kosti?\Filip-Kostic,rs SRB,DF,Eint Frankfurt,27,1992,28.2,35.4,56.5,627,699.8,283.8,13.9,17.9,773,15.0,21.8,691,5.82,12.9,452,0.50,0.41,0.09,3.19,2.09,2.45,1.81,4.86,Spiele
257,Nianzou Kouassi\Nianzou-Kouassi,fr FRA,DFMF,Bayern Munich,18,2002,1.3,60.0,66.2,907,1340.8,448.5,14.6,16.2,905,34.6,36.2,957,10.8,13.8,778,0.00,0.00,0.00,0.00,11.5,0.00,0.00,6.15,Spiele
258,Andrej Kramari?\Andrej-Kramaric,hr CRO,FWMF,Hoffenheim,29,1991,26.4,29.5,38.4,769,508.0,101.6,14.6,16.7,871,10.8,13.4,800,3.18,5.57,571,0.19,0.17,0.02,1.48,1.78,1.63,0.49,2.58,Spiele
259,Christoph Kramer\Christoph-Kramer,de GER,MF,M'Gladbach,29,1991,22.6,50.0,57.7,867,846.1,240.3,24.2,26.2,922,20.1,22.6,890,4.38,6.50,673,0.09,0.05,0.04,0.49,3.72,0.58,0.09,4.03,Spiele
260,Max Kruse\Max-Kruse,de GER,FWMF,Union Berlin,32,1988,18.1,31.2,41.4,754,641.4,128.7,11.7,14.4,812,12.7,15.4,824,5.97,8.90,671,0.28,0.25,0.03,2.10,2.49,1.33,0.28,3.87,Spiele
261,Lukas Kübler\Lukas-Kubler,de GER,DF,Freiburg,27,1992,9.8,28.7,42.8,671,604.9,247.6,10.8,13.8,785,12.6,18.2,691,5.10,9.29,549,0.10,0.03,0.07,0.41,2.04,0.92,0.20,3.47,Spiele
262,Pierre Kunde\Pierre-Kunde,cm CMR,MF,Mainz 05,25,1995,5.7,39.3,51.6,762,804.2,202.1,14.6,17.0,856,17.9,21.6,829,6.49,11.2,578,0.00,0.16,-0.16,1.05,4.04,0.88,0.00,4.04,Spiele
263,Fabian Kunze\Fabian-Kunze,de GER,MF,Arminia,22,1998,14.1,31.5,40.1,784,577.4,134.6,12.8,15.7,814,14.9,17.3,861,3.33,5.74,580,0.00,0.03,-0.03,0.35,2.91,0.21,0.00,3.40,Spiele
264,Ahmed Kutucu\Ahmed-Kutucu,tr TUR,FWMF,Schalke 04,20,2000,1.2,18.3,30.8,595,296.7,29.2,10.0,14.2,706,4.17,6.67,625,2.50,5.83,429,0.00,0.00,0.00,0.83,0.83,0.00,0.00,0.00,Spiele
265,Maxence Lacroix\Maxence-Lacroix,fr FRA,DF,Wolfsburg,20,2000,28.8,50.7,60.3,841,1260.6,377.0,7.64,8.99,849,29.2,31.4,932,13.6,18.9,722,0.03,0.01,0.02,0.14,3.54,0.17,0.00,3.82,Spiele
266,Konrad Laimer\Konrad-Laimer,at AUT,DFFW,RB Leipzig,23,1997,0.9,43.3,56.7,765,567.8,218.9,23.3,24.4,955,16.7,24.4,682,1.11,2.22,500,0.00,0.00,0.00,0.00,2.22,1.11,1.11,4.44,Spiele
267,Stefan Lainer\Stefan-Lainer,at AUT,DF,M'Gladbach,27,1992,30.8,41.9,55.4,756,734.9,315.5,19.3,21.9,881,17.4,22.3,781,4.35,8.60,506,0.06,0.08,-0.01,1.10,3.15,1.07,0.52,4.81,Spiele
268,Michael Langer\Michael-Langer,at AUT,TW,Schalke 04,35,1985,2.7,18.5,28.1,658,532.6,311.1,2.96,2.96,1000,9.63,9.63,1000,5.93,15.6,381,0.00,0.00,0.00,0.00,0.37,0.00,0.00,0.00,Spiele
269,Danny Latza\Danny-Latza,de GER,MF,Mainz 05,30,1989,20.0,26.6,37.6,706,507.9,146.3,10.8,13.1,828,11.8,15.4,761,3.50,6.95,504,0.10,0.11,-0.01,1.15,1.95,0.35,0.10,3.35,Spiele
270,Valentino Lazaro\Valentino-Lazaro,at AUT,DFFW,M'Gladbach,24,1996,13.8,32.0,42.0,762,532.9,148.0,16.9,19.5,866,11.2,15.0,744,3.19,5.80,550,0.00,0.07,-0.07,1.16,1.96,0.65,0.29,2.32,Spiele
271,Mathew Leckie\Mathew-Leckie,au AUS,FWDF,Hertha BSC,29,1991,5.6,28.6,37.5,762,521.8,112.3,12.9,15.7,818,12.3,15.0,821,3.04,4.46,680,0.18,0.11,0.07,0.89,1.07,1.07,0.54,2.32,Spiele
272,Christopher Lenz\Christopher-Lenz,de GER,DF,Union Berlin,25,1994,25.0,39.0,53.6,728,731.6,305.7,17.4,20.4,855,15.8,20.3,779,5.20,10.1,514,0.12,0.08,0.04,0.76,2.88,1.20,0.48,4.32,Spiele
273,Robert Lewandowski\Robert-Lewandowski,pl POL,FW,Bayern Munich,31,1988,27.3,19.9,26.0,765,306.7,56.3,11.0,13.4,817,6.23,7.77,802,1.68,2.31,730,0.26,0.13,0.12,1.10,1.25,0.95,0.15,1.90,Spiele
274,Philipp Lienhart\Philipp-Lienhart,at AUT,DF,Freiburg,24,1996,33.3,49.1,57.2,857,1189.5,311.2,7.93,8.98,883,29.7,31.3,947,11.3,16.2,698,0.00,0.01,-0.01,0.09,2.28,0.03,0.00,2.25,Spiele
275,Dimitris Limnios\Dimitris-Limnios,gr GRE,MFFW,Köln,22,1998,4.2,19.8,31.2,634,333.6,109.3,10.0,13.6,737,7.86,10.5,750,1.67,4.05,412,0.00,0.12,-0.12,0.95,0.48,0.95,0.24,1.90,Spiele
276,Niklas Lomb\Niklas-Lomb,de GER,TW,Leverkusen,27,1993,1.5,32.0,40.0,800,811.3,565.3,8.00,8.00,1000,16.7,16.7,1000,7.33,15.3,478,0.00,0.00,0.00,0.00,0.00,0.00,0.00,0.00,Spiele
277,Eduard Löwen\Eduard-Lowen,de GER,MFDF,Hertha BSC,23,1997,0.9,57.8,76.7,754,1085.6,264.4,21.1,25.6,826,31.1,38.9,800,4.44,7.78,571,0.00,0.00,0.00,0.00,3.33,2.22,1.11,3.33,Spiele
278,Jan Luca Schuler\Jan-Luca-Schuler,de GER,FW,Schalke 04,21,1999,0.4,17.5,32.5,538,170.0,7.50,12.5,25.0,500,2.50,5.00,500,0.00,0.00,,0.00,0.00,0.00,0.00,0.00,0.00,0.00,0.00,Spiele
279,Anderson Lucoqui\Anderson-Lucoqui,ao ANG,DF,Arminia,23,1997,17.8,28.1,41.3,681,528.3,204.9,11.2,13.4,833,13.3,18.6,713,3.20,6.74,475,0.00,0.01,-0.01,0.34,2.02,0.34,0.00,2.75,Spiele
280,Kilian Ludewig\Kilian-Ludewig,de GER,DF,Schalke 04,20,2000,5.8,37.9,50.7,748,623.4,299.7,19.3,22.6,855,15.3,19.1,802,2.76,5.86,471,0.00,0.05,-0.05,0.86,1.72,1.38,0.52,4.14,Spiele
281,Dodi Lukebakio\Dodi-Lukebakio,be BEL,FWMF,Hertha BSC,22,1997,20.6,19.4,25.9,750,358.3,64.7,8.93,11.3,790,7.14,9.08,786,2.67,3.74,714,0.24,0.12,0.12,1.02,1.12,0.63,0.29,1.65,Spiele
282,Andreas Luthe\Andreas-Luthe,de GER,TW,Union Berlin,33,1987,30.8,26.5,36.9,716,812.1,520.5,4.61,4.68,986,11.8,12.0,978,10.0,20.2,498,0.00,0.00,0.00,0.00,0.32,0.00,0.00,0.00,Spiele
283,Tim Maciejewski\Tim-Maciejewski,de GER,MF,Union Berlin,19,2001,0.1,20.0,30.0,667,410.0,20.0,10.0,10.0,1000,10.0,10.0,1000,0.00,0.00,,0.00,0.00,0.00,0.00,0.00,0.00,0.00,0.00,Spiele
284,Luca Mack\Luca-Mack,de GER,MF,Stuttgart,20,2000,0.1,20.0,30.0,667,270.0,100.0,20.0,20.0,1000,0.00,0.00,,0.00,10.0,00,0.00,0.00,0.00,0.00,0.00,0.00,0.00,0.00,Spiele
285,Mikail Maden\Mikail-Maden,no NOR,FW,Schalke 04,18,2002,0.1,20.0,20.0,1000,280.0,0.00,10.0,10.0,1000,10.0,10.0,1000,0.00,0.00,,0.00,0.00,0.00,0.00,0.00,0.00,0.00,0.00,Spiele
286,Arne Maier\Arne-Maier,de GER,MF,Hertha BSC,21,1999,0.3,66.7,70.0,952,1543.3,360.0,16.7,16.7,1000,40.0,40.0,1000,10.0,13.3,750,0.00,0.67,-0.67,3.33,6.67,3.33,0.00,10.0,Spiele
287,Arne Maier\Arne-Maier,de GER,MF,Arminia,21,1999,11.5,26.6,36.4,730,542.3,118.7,9.83,12.0,819,11.2,14.3,787,5.22,8.61,606,0.00,0.12,-0.12,1.04,1.83,0.87,0.09,2.52,Spiele
288,Yunus Mall?\Yunus-Malli,tr TUR,MF,Wolfsburg,28,1992,0.6,18.3,21.7,846,340.0,103.3,6.67,6.67,1000,10.0,11.7,857,1.67,3.33,500,0.00,0.17,-0.17,3.33,3.33,1.67,0.00,3.33,Spiele
289,Orel Mangala\Orel-Mangala,be BEL,MF,Stuttgart,22,1998,23.4,37.6,44.4,847,648.5,173.1,17.6,19.8,888,16.2,18.2,887,3.21,4.62,694,0.13,0.06,0.06,0.68,2.95,0.51,0.04,3.46,Spiele
290,Omar Marmoush\Omar-Marmoush,eg EGY,FW,Wolfsburg,21,1999,0.0,1,1,1000,13,0,1,1,1000,0,0,,0,0,,0,0.0,0.0,0,0,0,0,0,Spiele
291,Aarón Martín\Aaron-Martin,es ESP,DF,Mainz 05,23,1997,2.9,42.1,58.3,722,765.2,310.0,18.6,21.0,885,16.9,23.1,731,5.86,11.7,500,0.00,0.14,-0.14,1.72,3.10,1.38,1.38,2.07,Spiele
292,Javi Martínez\Javi-Martinez,es ESP,DFMF,Bayern Munich,31,1988,5.2,67.7,75.0,903,1394.2,341.9,20.2,22.1,913,36.3,39.8,913,10.8,12.7,848,0.00,0.04,-0.04,0.19,6.54,0.38,0.00,4.81,Spiele
293,Josep Martinez\Josep-Martinez,es ESP,TW,RB Leipzig,22,1998,1.0,37.0,49.0,755,829.0,366.0,11.0,11.0,1000,19.0,19.0,1000,7.00,19.0,368,0.00,0.00,0.00,0.00,0.00,0.00,0.00,0.00,Spiele
294,Omar Mascarell\Omar-Mascarell,es ESP,MF,Schalke 04,27,1993,19.6,37.0,45.1,822,800.8,188.9,11.9,13.4,889,17.4,19.8,879,7.24,10.5,693,0.05,0.03,0.03,0.36,2.50,0.36,0.00,3.37,Spiele
295,Roberto Massimo\Roberto-Massimo,de GER,DFFW,Stuttgart,19,2000,8.4,26.9,35.6,756,462.0,117.1,12.9,15.8,812,11.2,13.6,825,2.26,3.69,613,0.00,0.17,-0.17,0.95,0.83,1.07,0.24,2.14,Spiele
296,Jean-Philippe Mateta\Jean-Philippe-Mateta,fr FRA,FW,Mainz 05,23,1997,11.1,16.4,22.7,722,230.0,27.7,9.64,12.2,793,4.95,6.67,743,0.90,1.17,769,0.09,0.14,-0.05,1.26,0.45,0.36,0.00,0.54,Spiele
297,Rabbi Matondo\Rabbi-Matondo,wls WAL,FWMF,Schalke 04,19,2000,2.4,14.2,16.7,850,243.3,23.3,7.50,8.33,900,4.17,4.17,1000,1.67,2.08,800,0.00,0.04,-0.04,1.25,0.83,1.25,0.00,1.25,Spiele
298,Henning Matriciani\Henning-Matriciani,de GER,DF,Schalke 04,20,2000,0.3,10.0,16.7,600,240.0,240.0,3.33,10.0,333,3.33,3.33,1000,3.33,3.33,1000,0.00,0.00,0.00,0.00,3.33,0.00,0.00,0.00,Spiele
299,Konstantinos Mavropanos\Konstantinos-Mavropanos,gr GRE,DF,Stuttgart,22,1997,16.3,51.8,65.0,797,1099.2,448.7,17.4,20.1,869,25.1,28.5,880,8.77,14.7,598,0.00,0.02,-0.02,0.25,4.42,0.37,0.12,4.60,Spiele
300,Eric Maxim Choupo-Moting\Eric-Maxim-Choupo-Moting,cm CMR,FWMF,Bayern Munich,31,1989,9.1,19.6,24.2,809,265.4,44.4,13.0,14.6,887,5.05,6.26,807,0.77,0.99,778,0.00,0.18,-0.18,1.21,0.99,0.66,0.00,1.87,Spiele
301,Kevin Mbabu\Kevin-Mbabu,ch SUI,DF,Wolfsburg,25,1995,18.2,39.5,56.5,699,805.0,366.2,12.9,16.5,783,21.2,26.6,796,5.27,10.7,495,0.05,0.07,-0.01,0.71,3.74,1.65,0.60,7.75,Spiele
302,Jean-Manuel Mbom\Jean-Manuel-Mbom,de GER,MFDF,Werder Bremen,20,2000,12.9,19.9,28.2,706,348.6,106.5,9.61,12.2,785,8.22,11.1,741,1.71,3.64,468,0.08,0.05,0.03,0.54,1.55,0.47,0.16,1.71,Spiele
303,Nathan de Medina\Nathan-de-Medina,be BEL,DF,Arminia,22,1997,7.1,29.6,44.5,665,501.7,224.1,14.8,16.6,890,11.5,18.3,631,2.25,6.76,333,0.14,0.08,0.06,0.42,1.83,0.56,0.28,1.83,Spiele
304,Joshua Mees\Joshua-Mees,de GER,FW,Union Berlin,24,1996,0.1,20.0,30.0,667,190.0,0.00,20.0,20.0,1000,0.00,10.0,00,0.00,0.00,,0.00,0.00,0.00,0.00,0.00,0.00,0.00,0.00,Spiele
305,Admir Mehmedi\Admir-Mehmedi,ch SUI,MFFW,Wolfsburg,29,1991,9.1,38.1,48.6,785,614.8,153.0,20.3,24.5,830,13.1,15.6,838,3.19,5.27,604,0.22,0.22,0.00,1.87,3.85,1.87,0.33,4.84,Spiele
306,Hamza Mendyl\Hamza-Mendyl,ma MAR,FWDF,Schalke 04,22,1997,1.1,20.9,26.4,793,309.1,130.9,10.9,14.5,750,8.18,9.09,900,0.91,0.91,1000,0.00,0.00,0.00,0.00,2.73,0.00,0.00,4.55,Spiele
307,Levent Mercan\Levent-Mercan,de GER,FW,Schalke 04,19,2000,0.1,10.0,10.0,1000,300.0,50.0,0.00,0.00,,0.00,0.00,,10.0,10.0,1000,0.00,0.00,0.00,0.00,0.00,0.00,0.00,0.00,Spiele
308,Jorge Meré\Jorge-Mere,es ESP,DF,Köln,23,1997,14.4,41.9,47.2,887,989.0,246.7,9.03,9.65,935,23.2,24.7,941,9.24,12.2,756,0.00,0.01,-0.01,0.21,2.22,0.35,0.00,1.60,Spiele
309,Thomas Meunier\Thomas-Meunier,be BEL,DF,Dortmund,28,1991,16.4,62.4,76.4,817,1147.9,338.6,27.4,30.6,896,26.9,31.2,863,7.26,11.6,623,0.06,0.10,-0.04,0.79,4.45,1.34,0.67,5.37,Spiele
310,Max Meyer\Max-Meyer,de GER,MF,Köln,24,1995,3.9,55.4,66.7,831,922.8,167.7,27.9,31.0,901,18.5,22.3,828,6.67,9.74,684,0.00,0.03,-0.03,0.51,4.36,1.79,0.00,4.36,Spiele
311,Jonas Michel Dirkner\Jonas-Michel-Dirkner,de GER,MF,Hertha BSC,18,2002,0.2,10.0,20.0,500,325.0,215.0,0.00,0.00,,5.00,5.00,1000,5.00,10.0,500,0.00,0.00,0.00,0.00,5.00,0.00,0.00,0.00,Spiele
312,Jonas Michelbrink\Jonas-Michelbrink,de GER,MF,Hertha BSC,19,2001,0.4,27.5,37.5,733,395.0,97.5,12.5,15.0,833,12.5,15.0,833,2.50,2.50,1000,0.00,0.00,0.00,0.00,0.00,0.00,0.00,0.00,Spiele
313,Maximilian Mittelstädt\Maximilian-Mittelstadt,de GER,DF,Hertha BSC,23,1997,20.0,42.1,56.3,748,859.0,299.3,15.4,18.3,844,18.8,22.4,839,7.50,13.5,556,0.10,0.10,0.01,1.15,3.15,1.40,0.70,4.05,Spiele
314,Anthony Modeste\Anthony-Modeste,fr FRA,FWMF,Köln,32,1988,2.5,11.2,19.2,583,156.4,17.2,8.80,12.0,733,1.20,3.60,333,0.80,1.20,667,0.00,0.00,0.00,0.40,0.40,0.00,0.00,0.00,Spiele
315,Kevin Möhwald\Kevin-Mohwald,de GER,MF,Werder Bremen,27,1993,17.3,48.1,57.0,844,832.0,179.1,23.6,26.1,907,17.5,19.7,889,5.49,8.32,660,0.06,0.06,0.00,0.69,3.76,0.64,0.12,3.47,Spiele
316,Niklas Moisander\Niklas-Moisander,fi FIN,DF,Werder Bremen,34,1985,13.6,58.6,65.1,900,1327.4,426.1,14.0,15.1,927,32.9,34.9,943,11.5,14.3,804,0.00,0.00,0.00,0.15,3.01,0.22,0.00,3.38,Spiele
317,Alkhaly Momo Cissé\Alkhaly-Momo-Cisse,gn GUI,DFFW,Stuttgart,17,2002,0.4,32.5,45.0,722,485.0,87.5,12.5,17.5,714,15.0,15.0,1000,0.00,2.50,00,0.00,0.00,0.00,2.50,2.50,0.00,0.00,2.50,Spiele
318,Jan Morávek\Jan-Moravek,cz CZE,MF,Augsburg,30,1989,3.0,32.7,48.0,681,540.3,129.7,15.3,22.0,697,11.0,14.3,767,4.00,6.67,600,0.00,0.00,0.00,0.33,3.33,0.00,0.00,3.00,Spiele
319,Mateu Morey\Mateu-Morey,es ESP,DF,Dortmund,20,2000,9.2,68.4,81.2,842,1266.6,345.8,31.3,34.6,906,26.5,31.1,853,9.78,13.7,714,0.22,0.07,0.15,0.76,3.80,1.52,0.54,5.22,Spiele
320,Youssoufa Moukoko\Youssoufa-Moukoko,de GER,FWMF,Dortmund,15,2004,4.7,12.8,16.6,769,179.8,26.2,7.02,8.51,825,3.19,4.89,652,1.06,1.28,833,0.00,0.15,-0.15,0.21,0.43,0.21,0.00,0.64,Spiele
321,Nordi Mukiele\Nordi-Mukiele,fr FRA,DF,RB Leipzig,22,1997,18.6,47.9,61.5,779,899.2,353.4,20.5,24.8,826,20.9,24.9,836,6.13,8.98,683,0.05,0.08,-0.03,0.54,3.23,0.91,0.32,5.16,Spiele
322,Florian Müller\Florian-Muller,de GER,TW,Freiburg,22,1997,31.0,29.5,43.2,683,887.6,556.0,4.19,4.19,1000,15.5,15.7,988,9.68,23.1,420,0.00,0.00,0.00,0.03,0.71,0.10,0.00,0.00,Spiele
323,Sebastian Müller\Sebastian-Muller,de GER,MFDF,Arminia,19,2001,0.0,0,1,00,0,0,0,0,,0,1,00,0,0,,0,0.0,0.0,0,0,0,0,0,Spiele
324,Thomas Müller\Thomas-Muller,de GER,MF,Bayern Munich,30,1989,29.7,38.1,51.4,741,657.2,175.5,18.8,23.4,801,14.4,18.6,777,3.77,6.03,626,0.64,0.39,0.25,3.03,3.20,2.09,0.71,4.48,Spiele
325,Petar Musa\Petar-Musa,hr CRO,FW,Union Berlin,22,1998,7.9,15.6,27.6,564,200.6,40.9,10.4,16.8,617,3.92,7.72,508,0.38,1.27,300,0.38,0.10,0.28,1.01,0.63,0.38,0.00,1.52,Spiele
326,Jamal Musiala\Jamal-Musiala,de GER,FWMF,Bayern Munich,17,2003,9.8,37.7,44.4,848,575.3,118.1,19.4,22.0,880,13.8,16.1,854,2.45,3.06,800,0.10,0.09,0.01,0.92,2.45,1.33,0.10,3.88,Spiele
327,Shkodran Mustafi\Shkodran-Mustafi,de GER,DF,Schalke 04,28,1992,11.5,38.9,48.7,798,952.0,322.1,7.39,8.52,867,21.4,24.4,875,9.83,15.0,653,0.00,0.00,0.00,0.09,2.87,0.09,0.00,3.04,Spiele
328,Phillipp Mwene\Phillipp-Mwene,at AUT,DF,Mainz 05,26,1994,18.6,20.2,31.7,636,382.7,184.1,9.19,11.0,838,6.94,10.9,639,3.39,7.04,481,0.11,0.08,0.03,0.97,1.29,1.40,0.48,2.58,Spiele
329,Obite N'Dicka\Obite-NDicka,fr FRA,DF,Eint Frankfurt,20,1999,22.7,50.2,58.6,856,888.7,333.9,22.7,24.4,931,21.7,24.9,873,5.07,7.40,685,0.04,0.01,0.03,0.22,3.08,0.18,0.04,3.61,Spiele
330,Matija Nastasi?\Matija-Nastasic,rs SRB,DF,Schalke 04,27,1993,13.6,43.7,49.9,875,1033.0,286.4,9.78,10.4,937,22.9,24.7,929,10.7,14.4,740,0.00,0.00,0.00,0.00,1.62,0.00,0.00,1.47,Spiele
331,Paul Nebel\Paul-Nebel,de GER,MFFW,Mainz 05,17,2002,0.6,36.7,46.7,786,696.7,161.7,16.7,21.7,769,15.0,16.7,900,5.00,6.67,750,0.00,0.00,0.00,0.00,5.00,1.67,0.00,3.33,Spiele
332,Luca Netz\Luca-Netz,de GER,DFMF,Hertha BSC,17,2003,3.4,38.5,49.7,775,682.6,195.3,14.1,17.1,828,20.3,22.4,908,2.94,7.94,370,0.00,0.03,-0.03,0.59,1.76,0.59,0.29,3.53,Spiele
333,Manuel Neuer\Manuel-Neuer,de GER,TW,Bayern Munich,34,1986,33.0,34.5,39.9,863,978.2,538.2,5.30,5.36,989,15.8,15.9,992,13.3,18.5,719,0.00,0.01,-0.01,0.03,0.21,0.00,0.00,0.12,Spiele
334,Florian Neuhaus\Florian-Neuhaus,de GER,MF,M'Gladbach,23,1997,29.1,50.8,60.8,836,997.3,304.4,20.1,22.4,894,22.8,26.2,871,7.29,10.4,697,0.17,0.08,0.09,0.76,4.85,1.10,0.03,6.12,Spiele
335,Jessic Ngankam\Jessic-Ngankam,de GER,FW,Hertha BSC,20,2000,3.3,12.1,16.1,755,194.5,27.9,5.45,6.97,783,4.55,6.36,714,1.52,1.52,1000,0.00,0.00,0.00,0.30,0.61,0.00,0.00,0.61,Spiele
336,Moussa Niakhate\Moussa-Niakhate,fr FRA,DF,Mainz 05,24,1996,31.8,35.6,48.1,740,779.7,341.6,10.0,11.7,860,18.6,23.0,810,6.70,12.1,552,0.03,0.06,-0.03,0.47,3.05,0.41,0.13,3.52,Spiele
337,Florian Niederlechner\Florian-Niederlechner,de GER,FW,Augsburg,29,1990,19.3,11.9,16.8,705,208.8,39.9,5.39,7.10,759,4.35,5.75,757,1.55,2.38,652,0.21,0.16,0.05,0.67,0.83,0.47,0.05,1.24,Spiele
338,Joakim Nilsson\Joakim-Nilsson,se SWE,DF,Arminia,26,1994,24.0,37.2,44.1,843,833.3,241.5,9.17,10.3,894,20.4,22.6,904,7.42,10.7,695,0.00,0.00,-0.00,0.08,1.38,0.04,0.04,1.79,Spiele
339,Christopher Nkunku\Christopher-Nkunku,fr FRA,FWMF,RB Leipzig,22,1997,21.0,37.5,48.1,778,582.0,192.7,21.3,23.9,892,11.0,13.5,810,3.67,7.90,464,0.29,0.36,-0.07,3.38,1.95,1.95,0.24,3.67,Spiele
340,Håvard Nordtveit\Havard-Nordtveit,no NOR,DF,Hoffenheim,30,1990,7.8,49.1,57.6,853,1196.5,462.1,11.0,12.6,878,25.3,27.7,912,12.3,16.5,744,0.00,0.04,-0.04,0.38,4.36,0.26,0.00,3.33,Spiele
341,Alexander Nübel\Alexander-Nubel,de GER,TW,Bayern Munich,23,1996,1.0,33.0,35.0,943,854.0,512.0,7.00,7.00,1000,15.0,15.0,1000,11.0,13.0,846,0.00,0.00,0.00,0.00,1.00,0.00,0.00,0.00,Spiele
342,Kasim Nuhu\Kasim-Nuhu,gh GHA,DF,Hoffenheim,25,1995,11.0,50.0,58.8,850,1112.7,428.3,12.3,13.5,912,28.0,30.1,931,9.00,13.5,664,0.00,0.00,0.00,0.09,5.36,0.27,0.00,5.00,Spiele
343,Bastian Oczipka\Bastian-Oczipka,de GER,DF,Schalke 04,31,1989,21.4,41.4,52.7,785,740.7,308.2,18.9,20.5,922,17.4,20.7,842,4.67,9.44,495,0.09,0.07,0.02,1.26,2.29,0.89,0.33,3.50,Spiele
344,Masaya Okugawa\Masaya-Okugawa,jp JPN,MFFW,Arminia,24,1996,10.2,9.71,15.9,611,138.6,42.2,5.69,7.55,753,2.84,4.61,617,0.59,2.35,250,0.00,0.08,-0.08,0.29,0.78,0.20,0.00,0.98,Spiele
345,Dani Olmo\Dani-Olmo,es ESP,MFFW,RB Leipzig,22,1998,24.4,40.2,51.7,779,637.8,195.1,22.4,26.0,861,12.7,16.1,791,3.52,5.86,601,0.37,0.20,0.17,1.56,4.26,2.21,0.16,5.86,Spiele
346,Karim Onisiwo\Karim-Onisiwo,at AUT,FW,Mainz 05,28,1992,20.5,12.9,20.6,626,202.1,39.2,6.68,9.95,672,4.24,6.59,644,1.22,2.29,532,0.00,0.12,-0.12,0.88,0.59,0.59,0.24,1.32,Spiele
347,Willi Orban\Willi-Orban,hu HUN,DF,RB Leipzig,27,1992,26.3,69.1,78.2,883,1379.0,445.7,20.8,23.0,906,39.3,42.3,928,8.33,11.7,711,0.04,0.03,0.01,0.30,7.49,0.38,0.08,5.44,Spiele
348,Stefan Ortega\Stefan-Ortega,de GER,TW,Arminia,27,1992,34.0,40.8,57.8,706,1487.6,954.4,3.50,3.62,967,17.8,18.1,982,19.5,36.1,542,0.03,0.02,0.01,0.18,2.91,0.29,0.00,0.09,Spiele
349,Yuya Osako\Yuya-Osako,jp JPN,MFFW,Werder Bremen,30,1990,8.5,20.0,29.3,683,325.5,92.5,10.2,13.9,737,7.53,10.5,719,1.76,3.53,500,0.12,0.18,-0.06,1.18,2.12,0.71,0.00,2.94,Spiele
350,Paulo Otávio\Paulo-Otavio,br BRA,DF,Wolfsburg,25,1994,19.3,38.4,51.2,750,752.3,269.7,14.3,16.2,885,18.9,24.1,781,4.87,9.07,537,0.10,0.10,0.01,0.83,2.12,1.45,0.88,3.94,Spiele
351,Reece Oxford\Reece-Oxford,eng ENG,DF,Augsburg,21,1998,15.1,37.0,43.8,844,783.4,282.3,10.2,11.7,870,20.9,22.6,924,5.63,8.41,669,0.00,0.01,-0.01,0.13,2.19,0.13,0.07,3.84,Spiele
352,Salih Özcan\Salih-Ozcan,de GER,MFFW,Köln,22,1998,15.2,36.8,45.8,805,661.3,157.5,16.0,19.3,827,14.6,17.0,860,4.47,6.71,667,0.07,0.05,0.02,0.79,2.70,0.20,0.07,2.57,Spiele
353,Levin Öztunal?\Levin-Oztunali,de GER,DFFW,Mainz 05,24,1996,8.4,19.9,32.1,619,348.2,163.7,10.7,12.7,841,6.55,10.8,604,2.26,6.19,365,0.24,0.11,0.13,1.19,2.02,1.31,0.48,2.98,Spiele
354,Gonçalo Paciência\Goncalo-Paciencia,pt POR,FW,Schalke 04,25,1994,8.3,13.4,21.9,610,221.0,49.9,7.11,11.0,648,3.86,6.27,615,1.69,2.89,583,0.12,0.07,0.05,0.36,0.84,0.24,0.12,1.08,Spiele
355,Exequiel Palacios\Exequiel-Palacios,ar ARG,MF,Leverkusen,21,1998,6.4,58.0,66.9,867,970.0,252.5,31.4,33.6,935,19.5,23.1,845,6.09,8.13,750,0.00,0.14,-0.14,1.41,4.22,0.63,0.16,4.22,Spiele
356,Matondo-Merveille Papela\Matondo-Merveille-Papela,de GER,DF,Mainz 05,19,2001,0.0,1,1,1000,9,9,1,1,1000,0,0,,0,0,,0,0.0,0.0,0,0,0,0,0,Spiele
357,Felix Passlack\Felix-Passlack,de GER,DF,Dortmund,22,1998,4.0,64.0,75.8,845,1092.3,245.3,32.0,33.3,962,26.0,29.3,889,5.75,9.50,605,0.00,0.05,-0.05,0.75,3.25,1.25,0.50,3.50,Spiele
358,Paulinho\Paulinho,br BRA,FW,Leverkusen,20,2000,0.7,30.0,37.1,808,377.1,47.1,22.9,27.1,842,5.71,7.14,800,1.43,1.43,1000,0.00,0.00,0.00,0.00,2.86,0.00,0.00,2.86,Spiele
359,Benjamin Pavard\Benjamin-Pavard,fr FRA,DF,Bayern Munich,24,1996,21.6,66.4,77.8,854,1210.2,433.4,28.8,31.9,906,29.5,33.1,894,7.31,11.0,667,0.00,0.09,-0.09,0.65,6.48,1.34,0.51,7.59,Spiele
360,Ji?í Pavlenka\Jiri-Pavlenka,cz CZE,TW,Werder Bremen,28,1992,34.0,24.9,33.8,736,780.8,479.1,4.12,4.15,993,10.6,10.8,984,9.94,18.6,533,0.00,0.00,0.00,0.00,0.24,0.00,0.00,0.00,Spiele
361,Vasileios Pavlidis\Vasileios-Pavlidis,gr GRE,FW,Schalke 04,17,2002,0.0,1,1,1000,7,0,1,1,1000,0,0,,0,0,,0,0.0,0.0,0,0,0,0,0,Spiele
362,Mads Pedersen\Mads-Pedersen,dk DEN,DF,Augsburg,23,1996,9.9,30.0,42.6,704,561.0,232.3,14.2,15.6,916,11.2,15.7,716,4.14,9.09,456,0.00,0.08,-0.08,1.21,1.21,0.61,0.10,1.82,Spiele
363,Peter Pekarík\Peter-Pekarik,sk SVK,DF,Hertha BSC,33,1986,18.8,41.5,50.4,824,773.1,261.7,17.4,18.9,919,19.1,22.2,861,4.79,8.30,577,0.05,0.05,0.01,0.48,2.34,0.80,0.48,3.40,Spiele
364,Philipp Pentke\Philipp-Pentke,de GER,TW,Hoffenheim,35,1985,3.0,31.0,36.7,845,737.3,416.0,9.33,9.33,1000,14.3,14.7,977,7.00,12.3,568,0.00,0.00,0.00,0.00,0.33,0.00,0.00,0.00,Spiele
365,Pavao Pervan\Pavao-Pervan,at AUT,TW,Wolfsburg,32,1987,2.0,25.5,35.5,718,825.5,506.5,3.50,3.50,1000,13.0,13.0,1000,9.00,18.5,486,0.00,0.00,0.00,0.00,0.00,0.00,0.00,0.00,Spiele
366,Nils Petersen\Nils-Petersen,de GER,FW,Freiburg,31,1988,14.5,11.8,17.5,673,171.0,29.7,7.10,9.52,746,2.97,4.48,662,0.90,1.31,684,0.00,0.10,-0.10,0.62,0.83,0.28,0.00,1.03,Spiele
367,Lukas Petkov\Lukas-Petkov,de GER,MF,Augsburg,19,2000,0.0,1,1,1000,3,0,0,0,,0,0,,0,0,,0,0.0,0.0,0,0,0,0,0,Spiele
368,Maximilian Philipp\Maximilian-Philipp,de GER,MF,Wolfsburg,26,1994,12.3,22.7,31.1,728,334.7,67.2,13.4,17.3,775,7.07,9.27,763,1.22,2.36,517,0.16,0.12,0.04,1.22,1.38,0.65,0.08,1.54,Spiele
369,Krzysztof Pi?tek\Krzysztof-Piatek,pl POL,FW,Hertha BSC,25,1995,18.1,15.9,22.5,708,255.2,33.2,9.23,12.3,752,4.75,7.18,662,1.60,1.93,829,0.06,0.07,-0.02,0.55,0.50,0.28,0.11,0.88,Spiele
370,Amos Pieper\Amos-Pieper,de GER,DF,Arminia,22,1998,29.8,42.0,50.2,837,1045.7,273.5,7.65,8.99,851,22.4,24.3,921,11.7,16.2,719,0.03,0.02,0.02,0.23,2.08,0.57,0.00,2.62,Spiele
371,?ukasz Piszczek\Lukasz-Piszczek,pl POL,DF,Dortmund,35,1985,5.1,47.1,60.4,779,883.5,335.7,19.6,22.4,877,21.0,25.7,817,5.49,9.22,596,0.00,0.06,-0.06,0.59,4.12,0.78,0.39,3.53,Spiele
372,Marvin Plattenhardt\Marvin-Plattenhardt,de GER,DF,Hertha BSC,28,1992,11.9,44.4,58.7,756,848.2,342.6,17.5,19.1,916,20.9,24.5,856,5.55,12.8,434,0.17,0.11,0.06,0.92,2.94,0.92,0.59,4.20,Spiele
373,Alassane Pléa\Alassane-Plea,fr FRA,FW,M'Gladbach,27,1993,20.0,24.9,34.0,733,427.9,103.0,12.5,15.8,789,8.45,10.9,772,3.10,4.50,689,0.05,0.20,-0.14,1.35,2.35,1.85,0.35,3.45,Spiele
374,Joel Pohjanpalo\Joel-Pohjanpalo,fi FIN,FW,Union Berlin,25,1994,9.5,14.0,19.9,704,232.4,56.7,7.47,9.58,780,4.84,7.16,676,1.37,2.11,650,0.00,0.15,-0.15,0.74,1.68,0.32,0.21,2.00,Spiele
375,Joel Pohjanpalo\Joel-Pohjanpalo,fi FIN,MF,Leverkusen,25,1994,0.1,20.0,20.0,1000,370.0,0.00,0.00,0.00,,20.0,20.0,1000,0.00,0.00,,0.00,0.00,0.00,0.00,0.00,0.00,0.00,0.00,Spiele
376,Marin Pongra?i?\Marin-Pongracic,hr CRO,DF,Wolfsburg,22,1997,6.4,43.0,50.3,854,1028.9,302.8,6.72,7.81,860,25.9,28.9,897,10.2,13.0,783,0.00,0.00,0.00,0.00,2.66,0.00,0.00,2.81,Spiele
377,Stefan Posch\Stefan-Posch,at AUT,DF,Hoffenheim,23,1997,23.5,50.0,62.3,802,1050.7,374.2,15.6,17.7,882,26.3,28.9,909,7.70,13.6,566,0.00,0.03,-0.03,0.51,4.68,0.60,0.26,5.15,Spiele
378,Yussuf Poulsen\Yussuf-Poulsen,dk DEN,FW,RB Leipzig,26,1994,15.0,21.5,30.2,713,284.2,64.4,13.8,17.6,784,4.93,7.80,632,1.13,1.73,654,0.27,0.19,0.08,0.93,1.13,0.87,0.07,2.07,Spiele
379,Manuel Prietl\Manuel-Prietl,at AUT,MF,Arminia,28,1991,28.0,28.4,35.5,800,580.6,126.7,9.93,12.2,815,13.0,15.2,854,5.18,7.07,732,0.04,0.05,-0.01,0.29,2.21,0.25,0.04,1.96,Spiele
380,Grischa Prömel\Grischa-Promel,de GER,MF,Union Berlin,25,1995,20.2,28.6,36.8,777,526.4,102.9,11.4,14.2,808,12.9,15.5,834,3.32,4.80,691,0.05,0.04,0.01,0.40,1.88,0.15,0.05,2.38,Spiele
381,Robin Quaison\Robin-Quaison,se SWE,FWMF,Mainz 05,26,1993,16.4,13.8,20.7,665,214.9,56.9,7.87,10.4,759,3.84,5.73,670,1.40,2.62,535,0.12,0.18,-0.05,0.79,1.34,0.37,0.00,1.40,Spiele
382,Nemanja Radonji?\Nemanja-Radonjic,rs SRB,FWDF,Hertha BSC,24,1996,6.8,23.4,36.6,639,355.1,161.9,13.5,18.2,742,7.79,11.6,671,1.47,3.53,417,0.29,0.13,0.16,1.18,1.91,1.47,0.44,4.85,Spiele
383,Benito Raman\Benito-Raman,be BEL,FWMF,Schalke 04,25,1994,13.8,16.4,24.2,680,304.8,101.3,7.90,11.2,708,5.72,7.39,775,2.46,3.19,773,0.00,0.10,-0.10,1.16,1.16,1.01,0.29,2.61,Spiele
384,Milot Rashica\Milot-Rashica,xk KVX,FWMF,Werder Bremen,24,1996,16.2,17.8,26.5,674,319.1,69.8,8.09,10.9,740,7.16,9.57,748,2.04,4.07,500,0.12,0.10,0.02,1.11,0.86,1.23,0.74,1.48,Spiele
385,Daishawn Redan\Daishawn-Redan,nl NED,FWMF,Hertha BSC,19,2001,1.1,17.3,26.4,655,283.6,79.1,6.36,10.0,636,10.0,13.6,733,0.00,0.00,,0.00,0.00,0.00,0.91,3.64,0.91,0.00,4.55,Spiele
386,Reinier\Reinier,br BRA,MFFW,Dortmund,18,2002,2.9,34.5,39.0,885,458.3,101.0,22.4,24.1,929,9.66,11.0,875,1.03,1.38,750,0.34,0.14,0.21,1.38,1.38,1.03,0.34,1.72,Spiele
387,Rocco Reitz\Rocco-Reitz,de GER,MF,M'Gladbach,18,2002,0.7,50.0,61.4,814,788.6,248.6,25.7,30.0,857,18.6,21.4,867,4.29,8.57,500,0.00,0.14,-0.14,2.86,5.71,0.00,0.00,4.29,Spiele
388,Marco Reus\Marco-Reus,de GER,MFFW,Dortmund,31,1989,25.3,36.1,45.3,798,588.2,151.5,19.8,23.3,851,11.7,13.8,853,3.48,5.26,662,0.24,0.32,-0.08,1.98,2.37,1.70,0.24,3.99,Spiele
389,Elvis Rexhbeçaj\Elvis-Rexhbecaj,de GER,MFFW,Köln,22,1997,20.4,20.5,31.7,649,381.3,140.6,8.97,11.4,789,7.55,10.0,751,3.19,7.94,401,0.10,0.11,-0.01,1.27,2.16,0.69,0.20,2.45,Spiele
390,Gio Reyna\Gio-Reyna,us USA,FWMF,Dortmund,17,2002,22.0,34.9,44.0,793,544.8,113.0,19.7,23.0,856,11.6,13.8,842,2.55,4.45,571,0.23,0.20,0.03,1.55,2.09,1.41,0.09,2.64,Spiele
391,Chris Richards\Chris-Richards,us USA,DF,Hoffenheim,20,2000,10.5,56.4,64.2,878,1199.8,366.6,16.2,17.0,950,31.4,33.9,927,8.48,11.8,718,0.10,0.03,0.07,0.38,3.24,0.29,0.00,3.43,Spiele
392,Chris Richards\Chris-Richards,us USA,DF,Bayern Munich,20,2000,1.0,79.0,87.0,908,1492.0,461.0,36.0,39.0,923,33.0,35.0,943,10.0,10.0,1000,1.00,0.30,0.70,3.00,8.00,5.00,3.00,9.00,Spiele
393,Marco Richter\Marco-Richter,de GER,FWMF,Augsburg,22,1997,15.7,18.2,30.4,597,359.1,113.1,7.07,9.87,716,7.07,9.87,716,3.25,7.77,418,0.06,0.10,-0.04,0.96,1.97,0.76,0.32,2.48,Spiele
394,Marc Roca\Marc-Roca,es ESP,MF,Bayern Munich,23,1996,2.0,55.5,61.5,902,960.0,364.0,27.5,29.5,932,22.5,23.5,957,5.50,7.00,786,0.00,0.00,0.00,0.50,4.00,1.50,0.00,7.50,Spiele
395,Sebastian Rode\Sebastian-Rode,de GER,MF,Eint Frankfurt,29,1990,18.1,48.8,58.2,839,873.1,222.4,21.5,24.8,869,21.3,23.5,904,5.14,7.73,664,0.00,0.07,-0.07,1.10,4.36,1.05,0.17,4.81,Spiele
396,Jérôme Roussillon\Jerome-Roussillon,fr FRA,DF,Wolfsburg,27,1993,13.7,36.9,49.1,750,696.2,263.5,15.5,18.2,852,15.9,20.5,776,4.96,8.83,562,0.15,0.11,0.04,1.17,2.04,0.80,0.36,3.28,Spiele
397,Sebastian Rudy\Sebastian-Rudy,de GER,DF,Schalke 04,30,1990,2.0,45.5,68.0,669,780.5,420.0,22.5,29.5,763,15.5,20.5,756,6.00,11.0,545,0.00,0.05,-0.05,1.00,1.50,2.50,0.50,5.00,Spiele
398,Sebastian Rudy\Sebastian-Rudy,de GER,MFDF,Hoffenheim,30,1990,18.6,38.3,52.3,734,688.0,235.2,16.5,19.5,846,16.2,19.9,814,4.68,9.62,486,0.16,0.12,0.04,1.56,3.71,1.29,0.43,4.78,Spiele
399,Georginio Rutter\Georginio-Rutter,fr FRA,FW,Hoffenheim,18,2002,2.7,18.9,23.7,797,298.5,55.9,8.52,10.4,821,5.93,7.78,762,2.22,2.96,750,0.00,0.07,-0.07,0.74,0.00,1.11,0.37,1.85,Spiele
400,Julian Ryerson\Julian-Ryerson,no NOR,DFMF,Union Berlin,22,1997,11.9,35.2,47.9,735,624.2,203.4,17.2,20.3,851,12.7,17.1,744,4.62,7.73,598,0.17,0.11,0.06,0.84,1.26,0.50,0.25,2.35,Spiele
401,Frederik Rønnow\Frederik-Ronnow,dk DEN,TW,Schalke 04,27,1992,10.5,27.0,36.5,742,716.3,403.9,6.67,6.67,1000,11.6,11.7,992,8.19,17.5,467,0.00,0.00,0.00,0.00,0.10,0.00,0.00,0.00,Spiele
402,João Victor Santos Sá\Joao-Victor-Santos-Sa,br BRA,FW,Wolfsburg,26,1994,5.2,28.1,35.8,785,435.8,80.8,15.4,18.7,825,9.04,11.0,825,2.69,3.08,875,0.19,0.19,0.00,1.73,1.15,0.77,0.00,1.92,Spiele
403,Marcel Sabitzer\Marcel-Sabitzer,at AUT,MF,RB Leipzig,26,1994,22.5,47.5,59.7,795,836.5,256.8,23.5,26.3,895,17.5,20.8,838,5.33,9.87,541,0.13,0.10,0.03,1.29,5.38,2.13,0.27,7.07,Spiele
404,Roland Sallai\Roland-Sallai,hu HUN,MFFW,Freiburg,23,1997,18.5,19.1,26.6,718,339.2,110.7,9.51,12.2,782,7.14,9.35,763,2.27,3.78,600,0.16,0.07,0.09,0.81,2.16,0.97,0.43,3.08,Spiele
405,Lazar Samardzic\Lazar-Samardzic,de GER,MFFW,RB Leipzig,18,2002,2.2,23.6,31.4,754,364.5,114.1,13.6,16.4,833,7.73,9.55,810,1.36,3.64,375,0.45,0.23,0.23,1.36,1.82,0.45,0.00,1.82,Spiele
406,Diadie Samassékou\Diadie-Samassekou,ml MLI,MF,Hoffenheim,24,1996,28.5,40.4,48.1,839,768.3,152.6,15.6,18.0,867,18.4,21.2,864,5.44,7.05,771,0.07,0.04,0.03,0.32,3.44,0.28,0.11,3.05,Spiele
407,Jadon Sancho\Jadon-Sancho,eng ENG,FWMF,Dortmund,20,2000,22.9,50.7,64.4,787,785.0,232.2,28.6,32.9,869,17.2,20.6,834,3.80,7.29,521,0.48,0.30,0.18,2.93,2.45,3.58,0.22,6.46,Spiele
408,Leroy Sané\Leroy-Sane,de GER,FWMF,Bayern Munich,24,1996,20.1,30.6,41.0,747,528.8,119.7,15.8,18.6,850,10.8,13.6,796,3.23,6.27,516,0.45,0.32,0.13,1.79,1.84,1.84,0.40,3.33,Spiele
409,Salif Sané\Salif-Sane,sn SEN,DF,Schalke 04,29,1990,11.9,47.8,57.4,833,1058.7,326.4,12.3,14.5,844,26.2,29.3,894,8.99,12.4,723,0.00,0.03,-0.03,0.34,1.93,0.42,0.08,3.19,Spiele
410,Mohamed Sankoh\Mohamed-Sankoh,nl NED,FW,Stuttgart,16,2003,0.2,10.0,10.0,1000,205.0,0.00,0.00,0.00,,10.0,10.0,1000,0.00,0.00,,0.00,0.00,0.00,0.00,0.00,0.00,0.00,0.00,Spiele
411,Baptiste Santamaria\Baptiste-Santamaria,fr FRA,MF,Freiburg,25,1995,24.5,33.1,43.3,764,642.1,158.6,13.7,16.7,820,14.1,17.1,824,4.90,7.43,659,0.08,0.06,0.02,0.53,3.10,0.45,0.24,3.80,Spiele
412,Josh Sargent\Josh-Sargent,us USA,FWMF,Werder Bremen,20,2000,27.8,15.6,22.0,710,228.6,49.8,9.28,12.1,768,5.00,6.91,724,0.97,1.55,628,0.07,0.14,-0.06,1.08,1.12,0.40,0.11,1.55,Spiele
413,Bouna Sarr\Bouna-Sarr,gn GUI,DF,Bayern Munich,28,1992,5.0,68.0,77.0,883,1207.2,366.0,31.4,35.0,897,31.2,34.2,912,5.20,6.80,765,0.20,0.02,0.18,0.60,4.20,0.80,0.40,6.80,Spiele
414,Patrik Schick\Patrik-Schick,cz CZE,FW,Leverkusen,24,1996,20.7,15.0,20.7,725,208.9,28.6,8.70,11.3,769,4.54,6.38,712,0.72,1.01,714,0.05,0.11,-0.06,1.01,0.48,0.10,0.00,0.77,Spiele
415,Sven Schipplock\Sven-Schipplock,de GER,FWMF,Arminia,31,1988,8.3,12.0,21.9,549,175.9,42.5,6.99,10.8,644,3.98,6.51,611,0.60,1.81,333,0.00,0.11,-0.11,1.20,1.33,0.00,0.00,1.20,Spiele
416,Xaver Schlager\Xaver-Schlager,at AUT,MF,Wolfsburg,22,1997,29.2,33.8,43.8,772,644.6,166.8,13.4,16.5,809,15.2,18.1,839,4.73,7.57,624,0.14,0.11,0.02,0.72,3.84,0.82,0.03,3.80,Spiele
417,Keven Schlotterbeck\Keven-Schlotterbeck,de GER,DF,Freiburg,23,1997,18.4,36.3,44.0,825,843.1,273.9,8.04,8.97,897,20.0,22.6,887,8.04,11.9,676,0.00,0.01,-0.01,0.11,1.96,0.16,0.00,2.34,Spiele
418,Nico Schlotterbeck\Nico-Schlotterbeck,de GER,DF,Union Berlin,20,1999,14.3,45.7,56.1,815,985.9,325.1,14.5,15.3,945,22.9,25.1,914,8.18,14.3,571,0.00,0.01,-0.01,0.07,4.27,0.14,0.00,4.34,Spiele
419,Jonathan Schmid\Jonathan-Schmid,fr FRA,DFMF,Freiburg,30,1990,26.6,38.0,49.6,767,763.5,334.3,14.5,16.9,858,16.8,21.1,799,6.20,9.66,642,0.08,0.08,-0.00,0.98,3.12,1.39,0.83,4.77,Spiele
420,Romano Schmid\Romano-Schmid,at AUT,FWMF,Werder Bremen,20,2000,13.1,26.0,36.1,719,392.1,138.4,13.8,16.7,826,9.54,12.9,740,1.68,3.44,489,0.23,0.08,0.15,0.99,2.90,1.07,0.31,4.58,Spiele
421,Benno Schmitz\Benno-Schmitz,de GER,DF,Köln,25,1994,4.6,38.7,53.5,724,734.8,355.2,16.1,18.5,871,16.3,20.7,789,5.65,12.6,448,0.22,0.09,0.13,1.09,3.70,0.65,0.22,6.09,Spiele
422,Alessandro Schöpf\Alessandro-Schopf,at AUT,FWMF,Schalke 04,26,1994,10.5,27.5,34.5,798,399.4,91.4,16.2,18.9,859,8.48,9.81,864,1.71,2.67,643,0.00,0.04,-0.04,0.38,1.62,0.29,0.00,2.00,Spiele
423,Nico Schulz\Nico-Schulz,de GER,DF,Dortmund,27,1993,6.8,56.0,67.9,825,953.1,315.4,27.1,30.0,902,23.8,26.9,885,4.41,8.09,545,0.00,0.04,-0.04,0.74,3.38,0.88,0.29,4.85,Spiele
424,Alexander Schwolow\Alexander-Schwolow,de GER,TW,Hertha BSC,28,1992,26.0,27.9,35.3,791,856.2,479.2,4.00,4.04,990,12.9,12.9,997,11.0,18.3,602,0.00,0.00,0.00,0.04,0.27,0.00,0.00,0.04,Spiele
425,Christopher Scott\Christopher-Scott,de GER,FW,Bayern Munich,18,2002,0.4,15.0,20.0,750,155.0,55.0,10.0,10.0,1000,5.00,5.00,1000,0.00,2.50,00,0.00,0.00,0.00,0.00,2.50,0.00,0.00,2.50,Spiele
426,Davie Selke\Davie-Selke,de GER,FW,Werder Bremen,25,1995,9.0,14.6,24.8,587,205.4,47.1,8.78,13.6,648,4.44,7.78,571,0.67,1.33,500,0.11,0.08,0.03,0.78,0.67,0.44,0.00,1.44,Spiele
427,Suat Serdar\Suat-Serdar,de GER,MF,Schalke 04,23,1997,21.7,21.6,28.2,765,443.3,102.1,7.56,9.82,770,9.17,11.1,829,4.33,5.58,777,0.14,0.07,0.07,0.69,2.21,0.46,0.00,2.67,Spiele
428,Ryan Sessegnon\Ryan-Sessegnon,eng ENG,DF,Hoffenheim,20,2000,17.5,41.5,53.4,778,736.3,264.5,18.7,20.5,911,18.5,23.5,786,3.77,6.63,569,0.17,0.10,0.07,0.91,2.91,1.43,0.69,4.11,Spiele
429,Nils Seufert\Nils-Seufert,de GER,MFFW,Arminia,23,1997,3.8,32.9,40.5,812,492.1,116.8,18.4,20.5,897,12.1,13.4,902,1.58,4.21,375,0.26,0.08,0.18,1.05,3.16,0.26,0.00,2.63,Spiele
430,Tim Siersleben\Tim-Siersleben,de GER,DF,Wolfsburg,20,2000,0.4,50.0,52.5,952,1085.0,227.5,12.5,12.5,1000,27.5,27.5,1000,10.0,12.5,800,0.00,0.00,0.00,0.00,2.50,0.00,0.00,0.00,Spiele
431,André Silva\Andre-Silva,pt POR,FW,Eint Frankfurt,24,1995,30.7,19.0,25.7,741,279.8,48.4,10.9,13.7,798,6.58,8.57,768,0.72,1.11,647,0.23,0.18,0.05,0.94,1.07,0.55,0.10,1.50,Spiele
432,Jóan Símun Edmundsson\Joan-Simun-Edmundsson,fo FRO,MFFW,Arminia,29,1991,0.6,18.3,25.0,733,348.3,71.7,10.0,11.7,857,5.00,8.33,600,3.33,5.00,667,0.00,0.00,0.00,0.00,1.67,0.00,0.00,1.67,Spiele
433,Daley Sinkgraven\Daley-Sinkgraven,nl NED,DF,Leverkusen,25,1995,17.4,60.9,74.2,820,1175.7,356.1,24.1,27.0,893,27.1,30.9,879,8.74,13.6,644,0.00,0.04,-0.04,0.80,4.54,0.92,0.06,4.25,Spiele
434,Tobias Sippel\Tobias-Sippel,de GER,TW,M'Gladbach,32,1988,3.8,25.3,38.7,653,912.4,654.7,4.47,4.47,1000,7.89,8.16,968,12.9,26.1,495,0.00,0.00,0.00,0.00,0.53,0.00,0.00,0.00,Spiele
435,Ellyes Skhiri\Ellyes-Skhiri,tn TUN,MF,Köln,25,1995,30.9,42.7,49.0,871,840.0,238.4,15.3,17.3,886,19.2,20.7,925,6.89,9.13,755,0.06,0.04,0.03,0.55,2.65,0.61,0.10,3.33,Spiele
436,Robert Skov\Robert-Skov,dk DEN,FWDF,Hoffenheim,24,1996,12.9,27.9,40.2,695,528.7,146.0,12.2,15.1,810,11.2,14.6,766,3.88,8.14,476,0.00,0.10,-0.10,1.16,1.40,1.32,0.39,3.18,Spiele
437,Steven Skrzybski\Steven-Skrzybski,de GER,FWDF,Schalke 04,27,1992,4.7,16.2,27.0,598,308.5,109.8,6.81,9.57,711,6.81,9.57,711,2.34,4.89,478,0.00,0.02,-0.02,0.43,1.06,0.43,0.21,1.91,Spiele
438,Yann Sommer\Yann-Sommer,ch SUI,TW,M'Gladbach,31,1988,30.1,33.6,41.2,815,890.4,443.9,7.01,7.04,995,15.5,15.7,992,10.7,18.1,590,0.00,0.00,0.00,0.00,0.03,0.00,0.00,0.07,Spiele
439,Borna Sosa\Borna-Sosa,hr CRO,DF,Stuttgart,22,1998,22.7,40.0,56.8,704,699.5,297.7,19.9,22.7,874,15.2,20.2,751,4.32,11.4,378,0.40,0.26,0.14,2.51,2.33,1.94,1.23,4.36,Spiele
440,Cebio Soukou\Cebio-Soukou,bj BEN,FWMF,Arminia,27,1992,5.1,19.8,22.5,878,327.3,56.5,9.02,9.80,920,7.65,8.63,886,1.96,2.55,769,0.00,0.02,-0.02,0.78,0.98,0.59,0.20,2.16,Spiele
441,Djibril Sow\Djibril-Sow,ch SUI,MF,Eint Frankfurt,23,1997,24.2,44.4,50.2,885,795.8,192.6,19.8,21.6,918,19.6,21.9,894,4.55,5.70,797,0.08,0.07,0.02,0.79,2.89,0.50,0.00,4.71,Spiele
442,Jerry St. Juste\Jerry-St-Juste,nl NED,DF,Mainz 05,23,1996,32.0,34.2,41.9,815,754.4,270.5,9.25,10.8,860,17.9,19.5,917,6.75,10.5,641,0.03,0.01,0.03,0.16,2.41,0.47,0.09,3.22,Spiele
443,Benjamin Stambouli\Benjamin-Stambouli,fr FRA,MFDF,Schalke 04,29,1990,21.7,35.7,47.7,749,778.3,299.1,10.2,12.4,825,18.6,22.0,847,6.36,11.9,535,0.09,0.02,0.07,0.37,3.04,0.41,0.00,3.73,Spiele
444,Josip Staniši?\Josip-Stanisic,de GER,DF,Bayern Munich,20,2000,1.0,55.0,61.0,902,1134.0,280.0,17.0,18.0,944,31.0,34.0,912,7.00,7.00,1000,0.00,0.00,0.00,0.00,2.00,0.00,0.00,4.00,Spiele
445,Niklas Stark\Niklas-Stark,de GER,DFMF,Hertha BSC,25,1995,31.0,41.6,49.0,849,994.5,270.3,7.65,9.03,846,23.1,25.4,910,10.7,13.9,768,0.00,0.01,-0.01,0.13,2.77,0.35,0.00,3.42,Spiele
446,Renato Steffen\Renato-Steffen,ch SUI,FWMF,Wolfsburg,28,1991,17.4,27.6,38.0,728,481.0,126.2,13.7,16.8,816,10.2,13.7,745,3.05,5.46,558,0.23,0.14,0.09,1.09,2.70,1.26,0.40,3.33,Spiele
447,Pascal Stenzel\Pascal-Stenzel,de GER,DF,Stuttgart,24,1996,14.2,67.5,78.5,859,1446.2,528.0,20.5,22.5,912,34.0,37.3,913,12.5,17.3,720,0.07,0.02,0.05,0.21,4.08,0.21,0.07,4.30,Spiele
448,Lars Stindl\Lars-Stindl,de GER,MFFW,M'Gladbach,31,1988,21.8,39.4,48.1,820,668.0,152.7,20.0,23.1,869,13.3,16.2,816,4.59,6.19,741,0.37,0.26,0.11,2.02,3.17,0.96,0.18,3.99,Spiele
449,Kevin Stöger\Kevin-Stoger,at AUT,MFFW,Mainz 05,26,1993,6.0,45.5,65.5,695,851.3,280.5,20.7,24.8,832,17.2,24.5,701,6.83,14.2,482,0.00,0.15,-0.15,1.67,4.17,1.50,0.67,5.33,Spiele
450,Tobias Strobl\Tobias-Strobl,de GER,MF,Augsburg,30,1990,20.5,33.0,40.7,812,637.6,178.6,14.5,16.4,887,13.0,15.5,842,4.93,7.12,692,0.00,0.04,-0.04,0.68,2.88,0.44,0.05,3.51,Spiele
451,Marek Suchý\Marek-Suchy,cz CZE,DF,Augsburg,32,1988,3.4,35.3,40.6,870,718.8,256.8,8.82,10.3,857,21.5,22.4,961,4.71,7.65,615,0.00,0.00,0.00,0.00,1.47,0.29,0.29,2.35,Spiele
452,Niklas Süle\Niklas-Sule,de GER,DF,Bayern Munich,24,1995,16.7,71.5,78.6,910,1487.7,494.1,22.0,23.5,939,37.7,40.2,937,11.3,14.0,807,0.00,0.02,-0.02,0.48,5.87,0.84,0.24,5.63,Spiele
453,Ádám Szalai\Adam-Szalai,hu HUN,FW,Mainz 05,32,1987,8.1,14.0,25.9,538,207.3,63.2,8.02,14.1,570,3.33,6.05,551,1.23,2.35,526,0.00,0.07,-0.07,0.62,1.48,0.37,0.00,1.98,Spiele
454,Frederik Sørensen\Frederik-Sorensen,dk DEN,DFMF,Köln,28,1992,1.1,34.5,45.5,760,814.5,389.1,3.64,6.36,571,23.6,25.5,929,6.36,11.8,538,0.00,0.09,-0.09,0.91,4.55,0.91,0.00,3.64,Spiele
455,Alexander Sørloth\Alexander-Sorloth,no NOR,FW,RB Leipzig,24,1995,16.0,22.6,30.0,752,305.4,60.1,14.3,17.4,820,6.13,8.69,705,0.88,1.50,583,0.19,0.14,0.05,1.63,1.00,1.44,0.13,2.19,Spiele
456,Jonathan Tah\Jonathan-Tah,de GER,DF,Leverkusen,24,1996,24.7,71.8,79.0,909,1580.6,404.1,17.4,18.8,929,40.6,42.8,948,13.3,16.5,808,0.00,0.00,-0.00,0.08,4.09,0.20,0.04,4.25,Spiele
457,Edmond Tapsoba\Edmond-Tapsoba,bf BFA,DF,Leverkusen,21,1999,29.5,84.7,93.1,910,1965.3,544.6,18.4,19.7,936,46.9,49.7,945,18.9,22.7,831,0.00,0.02,-0.02,0.10,4.92,0.34,0.00,4.92,Spiele
458,Niklas Tauer\Niklas-Tauer,de GER,MFDF,Mainz 05,19,2001,0.8,21.3,33.8,630,407.5,245.0,8.75,11.3,778,8.75,15.0,583,3.75,7.50,500,0.00,0.00,0.00,1.25,1.25,1.25,1.25,3.75,Spiele
459,Lino Tempelmann\Lino-Tempelmann,de GER,MFDF,Freiburg,21,1999,3.0,42.0,53.7,783,861.3,162.7,14.0,17.3,808,19.3,22.3,866,7.67,10.0,767,0.00,0.00,0.00,0.33,3.67,0.33,0.00,2.67,Spiele
460,Cedric Teuchert\Cedric-Teuchert,de GER,FWMF,Union Berlin,23,1997,8.4,17.7,24.4,727,294.2,93.0,9.29,12.3,757,5.48,6.79,807,2.02,3.45,586,0.12,0.12,0.00,0.95,1.79,0.60,0.00,2.26,Spiele
461,Malick Thiaw\Malick-Thiaw,de GER,DF,Schalke 04,18,2001,16.1,38.6,47.3,817,827.0,256.8,9.94,12.2,816,21.7,23.8,911,6.65,10.3,645,0.00,0.01,-0.01,0.12,1.37,0.12,0.00,1.68,Spiele
462,Jan Thielmann\Jan-Thielmann,de GER,FWMF,Köln,18,2002,11.4,20.1,31.5,638,309.3,105.4,10.6,13.1,812,6.93,9.91,699,1.49,4.47,333,0.26,0.06,0.20,0.79,1.84,0.26,0.18,2.11,Spiele
463,Erik Thommy\Erik-Thommy,de GER,DFFW,Stuttgart,25,1994,3.5,29.4,40.9,720,550.9,134.6,14.9,16.9,881,9.14,13.1,696,4.86,8.00,607,0.57,0.26,0.31,2.00,2.00,1.14,0.57,2.29,Spiele
464,Marcus Thuram\Marcus-Thuram,fr FRA,FW,M'Gladbach,22,1997,19.2,21.9,30.7,712,314.6,73.3,13.9,17.9,776,6.25,8.96,698,1.15,2.03,564,0.16,0.10,0.05,0.73,1.25,0.52,0.10,1.93,Spiele
465,Steffen Tigges\Steffen-Tigges,de GER,FWDF,Dortmund,22,1998,0.6,18.3,36.7,500,355.0,130.0,6.67,16.7,400,5.00,10.0,500,5.00,8.33,600,0.00,0.00,0.00,0.00,3.33,0.00,0.00,6.67,Spiele
466,Guus Til\Guus-Til,nl NED,FW,Freiburg,22,1997,1.4,15.7,25.0,629,186.4,31.4,9.29,11.4,813,5.00,9.29,538,0.00,0.00,,0.00,0.00,0.00,0.71,1.43,0.00,0.00,0.00,Spiele
467,Corentin Tolisso\Corentin-Tolisso,fr FRA,MF,Bayern Munich,25,1994,8.7,53.9,62.8,859,1116.9,301.7,19.7,22.5,872,23.6,25.6,919,9.89,12.2,811,0.00,0.06,-0.06,1.03,7.82,0.57,0.11,5.86,Spiele
468,Ömer Toprak\Omer-Toprak,tr TUR,DF,Werder Bremen,31,1989,21.6,40.5,48.6,833,848.0,270.8,12.2,13.3,920,21.7,24.2,897,6.44,10.5,612,0.00,0.00,0.00,0.05,1.99,0.00,0.00,2.59,Spiele
469,Jordan Torunarigha\Jordan-Torunarigha,de GER,DF,Hertha BSC,22,1997,10.8,51.4,58.4,880,1203.1,405.1,9.54,10.6,896,30.7,32.8,938,11.0,13.9,793,0.00,0.06,-0.06,0.37,3.06,0.09,0.00,3.24,Spiele
470,Almamy Touré\Almamy-Toure,ml MLI,DF,Eint Frankfurt,24,1996,7.8,28.8,43.8,658,495.5,256.8,15.3,19.9,768,9.36,13.3,702,3.46,7.05,491,0.13,0.15,-0.03,1.54,1.92,2.69,1.79,4.23,Spiele
471,Lucas Tousart\Lucas-Tousart,fr FRA,MF,Hertha BSC,23,1997,23.2,28.8,36.6,789,642.1,149.4,8.28,10.1,817,14.4,16.5,877,5.73,8.62,665,0.00,0.04,-0.04,0.30,3.02,0.13,0.04,2.54,Spiele
472,Ibrahima Traoré\Ibrahima-Traore,gn GUI,FWDF,M'Gladbach,32,1988,1.1,30.0,45.5,660,388.2,122.7,16.4,21.8,750,9.09,13.6,667,0.91,4.55,200,0.00,0.18,-0.18,0.91,0.91,0.91,0.00,2.73,Spiele
473,Kevin Trapp\Kevin-Trapp,de GER,TW,Eint Frankfurt,30,1990,33.0,28.6,41.0,698,869.2,581.1,5.76,5.79,995,12.2,12.2,995,10.6,22.8,463,0.00,0.00,0.00,0.00,0.42,0.00,0.00,0.00,Spiele
474,Christopher Trimmel\Christopher-Trimmel,at AUT,DF,Union Berlin,33,1987,28.6,38.7,54.2,715,755.7,317.0,17.0,19.1,888,14.5,18.5,788,6.75,14.6,463,0.31,0.17,0.14,1.92,1.99,1.22,0.91,3.15,Spiele
475,Tuta\Tuta,br BRA,DF,Eint Frankfurt,21,1999,16.2,52.5,61.4,855,1062.3,373.0,16.5,18.8,878,27.0,29.7,911,8.15,11.7,698,0.00,0.02,-0.02,0.25,3.27,0.12,0.00,4.57,Spiele
476,Dayot Upamecano\Dayot-Upamecano,fr FRA,DF,RB Leipzig,21,1998,25.9,75.4,84.6,891,1741.0,513.7,16.9,18.9,894,41.7,44.9,929,16.2,19.7,822,0.00,0.03,-0.03,0.31,5.91,0.23,0.00,4.75,Spiele
477,Mark Uth\Mark-Uth,de GER,FWMF,Schalke 04,28,1991,16.6,24.5,33.2,739,481.6,116.8,11.3,13.2,858,7.77,9.94,782,4.82,8.55,563,0.06,0.07,-0.01,1.33,2.23,0.60,0.00,2.59,Spiele
478,Ruben Vargas\Ruben-Vargas,ch SUI,MFFW,Augsburg,21,1998,17.9,23.1,30.3,764,413.6,90.7,10.8,12.8,843,9.72,11.8,825,2.40,3.80,632,0.17,0.15,0.02,1.40,1.62,1.01,0.06,2.63,Spiele
479,Miloš Veljkovi?\Milos-Veljkovic,rs SRB,DF,Werder Bremen,24,1995,19.1,32.7,43.7,749,795.1,292.0,6.60,7.75,851,17.4,19.6,888,8.59,15.7,548,0.00,0.00,0.00,0.05,2.36,0.21,0.00,2.51,Spiele
480,Michel Vlap\Michel-Vlap,nl NED,MFFW,Arminia,23,1997,4.1,19.5,28.8,678,344.1,94.6,7.32,11.2,652,7.07,8.29,853,2.93,5.37,545,0.24,0.15,0.10,1.95,0.98,0.49,0.00,1.71,Spiele
481,Andreas Voglsammer\Andreas-Voglsammer,de GER,FWMF,Arminia,28,1992,11.1,14.1,24.1,586,225.7,62.8,8.11,12.5,647,4.32,7.57,571,1.17,2.61,448,0.18,0.16,0.02,0.81,0.72,0.99,0.18,2.16,Spiele
482,Kevin Vogt\Kevin-Vogt,de GER,DF,Hoffenheim,28,1991,20.5,64.4,72.2,892,1614.0,567.2,12.3,13.0,951,33.4,35.5,941,18.5,23.4,793,0.05,0.03,0.02,0.20,5.22,0.59,0.00,5.56,Spiele
483,Wout Weghorst\Wout-Weghorst,nl NED,FW,Wolfsburg,27,1992,32.7,17.2,25.4,678,261.1,45.6,10.1,13.8,734,5.50,8.04,684,1.07,1.50,714,0.24,0.15,0.09,1.25,0.95,0.52,0.03,1.65,Spiele
484,Mitchell Weiser\Mitchell-Weiser,de GER,DF,Leverkusen,26,1994,2.5,70.8,84.0,843,1118.0,365.6,40.8,45.2,903,23.6,26.8,881,4.80,9.20,522,0.00,0.00,0.00,0.00,7.20,1.20,0.00,5.20,Spiele
485,Wendell\Wendell,br BRA,DF,Leverkusen,27,1993,16.2,63.7,74.0,861,1117.8,306.7,29.1,31.4,929,27.8,31.1,895,6.05,9.38,645,0.00,0.01,-0.01,0.06,4.26,0.74,0.19,4.94,Spiele
486,Oscar Wendt\Oscar-Wendt,se SWE,DF,M'Gladbach,34,1985,13.9,40.1,51.6,778,713.7,282.9,18.1,20.4,887,18.1,22.7,797,3.81,6.83,558,0.07,0.07,0.00,0.58,2.23,0.65,0.22,3.67,Spiele
487,William\William,br BRA,FW,Wolfsburg,25,1995,0.0,0,1,00,0,0,0,0,,0,0,,0,0,,0,0.0,0.0,0,0,0,0,0,Spiele
488,William\William,br BRA,DFFW,Schalke 04,25,1995,5.3,25.8,44.2,585,452.8,167.5,13.0,17.4,750,8.87,15.3,580,3.40,6.98,486,0.00,0.00,0.00,0.38,1.51,0.38,0.19,1.51,Spiele
489,Marten Winkler\Marten-Winkler,de GER,FW,Hertha BSC,17,2002,0.0,0,0,,0,0,0,0,,0,0,,0,0,,0,0.0,0.0,0,0,0,0,0,Spiele
490,Florian Wirtz\Florian-Wirtz,de GER,MF,Leverkusen,17,2003,24.7,33.2,42.4,782,536.6,143.0,18.1,21.1,860,11.0,13.7,802,2.96,4.86,608,0.24,0.19,0.06,1.98,3.72,1.13,0.16,4.17,Spiele
491,Axel Witsel\Axel-Witsel,be BEL,MF,Dortmund,31,1989,12.6,59.7,63.5,940,1086.7,233.8,25.8,27.0,956,26.5,27.9,949,6.51,7.38,882,0.00,0.05,-0.05,0.40,5.63,0.24,0.00,4.05,Spiele
492,Hannes Wolf\Hannes-Wolf,at AUT,MFFW,M'Gladbach,21,1999,15.3,28.0,36.7,763,398.4,97.5,16.8,19.8,848,8.30,10.8,770,1.57,2.61,600,0.13,0.18,-0.05,1.11,2.03,0.85,0.07,3.01,Spiele
493,Marius Wolf\Marius-Wolf,de GER,DFMF,Köln,25,1995,28.3,30.7,44.6,687,552.4,239.0,14.5,17.6,820,11.9,15.4,773,3.57,7.88,453,0.07,0.11,-0.04,0.78,3.50,0.88,0.28,4.06,Spiele
494,Nick Woltemade\Nick-Woltemade,de GER,FWMF,Werder Bremen,18,2002,1.6,15.0,24.4,615,268.8,71.9,6.25,8.75,714,6.88,10.6,647,1.88,3.13,600,0.63,0.19,0.44,1.88,0.63,1.25,0.00,1.88,Spiele
495,Jeong Woo-yeong\Jeong-Woo-yeong,kr KOR,FWMF,Freiburg,20,1999,9.1,31.1,41.1,757,483.8,158.4,17.6,21.6,812,9.89,12.6,783,2.42,4.29,564,0.00,0.16,-0.16,1.76,2.75,2.09,0.33,4.84,Spiele
496,Joscha Wosz\Joscha-Wosz,de GER,DFFW,RB Leipzig,18,2002,0.4,27.5,37.5,733,510.0,147.5,10.0,12.5,800,15.0,17.5,857,2.50,5.00,500,0.00,0.00,0.00,0.00,2.50,0.00,0.00,0.00,Spiele
497,Reinhold Yabo\Reinhold-Yabo,de GER,MFFW,Arminia,28,1992,7.2,17.5,23.1,759,313.9,73.2,7.64,9.03,846,7.36,8.89,828,1.94,3.19,609,0.00,0.00,0.00,0.14,1.94,0.42,0.00,1.94,Spiele
498,Amin Younes\Amin-Younes,de GER,MFFW,Eint Frankfurt,26,1993,15.5,33.2,44.5,745,556.6,203.6,18.5,21.5,856,9.94,13.7,726,3.81,6.19,615,0.19,0.11,0.08,1.48,3.94,1.74,0.26,6.39,Spiele
499,Dan-Axel Zagadou\Dan-Axel-Zagadou,fr FRA,DF,Dortmund,21,1999,3.1,67.4,78.1,864,1442.6,443.9,16.5,17.4,944,41.3,46.1,895,9.35,13.9,674,0.00,0.00,0.00,0.00,3.23,0.00,0.00,0.97,Spiele
500,Denis Zakaria\Denis-Zakaria,ch SUI,MFDF,M'Gladbach,23,1996,15.8,37.2,42.0,885,681.1,174.9,15.4,16.8,921,16.9,18.0,937,4.24,5.70,744,0.06,0.07,-0.01,0.57,3.16,0.44,0.06,3.48,Spiele
501,Deyovaisio Zeefuik\Deyovaisio-Zeefuik,nl NED,DFMF,Hertha BSC,22,1998,10.1,36.6,48.4,757,686.6,227.6,15.0,18.1,825,16.4,21.4,769,4.55,6.73,676,0.00,0.17,-0.17,1.39,2.38,1.58,0.99,3.07,Spiele
502,Robin Zentner\Robin-Zentner,de GER,TW,Mainz 05,25,1994,31.0,23.3,34.9,669,703.6,426.8,4.68,4.77,980,9.90,10.0,990,8.61,19.9,433,0.00,0.01,-0.01,0.03,0.39,0.03,0.00,0.00,Spiele
503,Ron-Robert Zieler\Ron-Robert-Zieler,de GER,TW,Köln,31,1989,0.6,30.0,38.3,783,1013.3,650.0,5.00,5.00,1000,11.7,11.7,1000,13.3,21.7,615,0.00,0.00,0.00,0.00,0.00,0.00,0.00,0.00,Spiele
504,Joshua Zirkzee\Joshua-Zirkzee,nl NED,FW,Bayern Munich,19,2001,1.0,24.0,30.0,800,301.0,15.0,18.0,21.0,857,6.00,8.00,750,0.00,0.00,,0.00,0.20,-0.20,1.00,2.00,0.00,0.00,0.00,Spiele
505,Steven Zuber\Steven-Zuber,ch SUI,DFMF,Eint Frankfurt,28,1991,6.5,39.4,51.8,760,686.5,232.3,20.2,23.1,873,13.7,18.6,736,4.46,6.46,690,0.46,0.29,0.17,2.00,3.23,1.69,0.92,4.62,Spiele
